temperature,rh,ws,rain,ffmc,dmc,dc,isi,bui,fwi,month,danger_score,is_dry,peak_season,wind_dry_interaction,fire
29.0,57.0,18.0,0.0,65.7,3.4,7.6,1.3,3.4,0.5,6.0,1.241,0,1,774.0,0
29.0,61.0,13.0,1.3,64.4,4.1,7.6,1.0,3.9,0.4,6.0,1.237,0,1,507.0,0
26.0,82.0,22.0,13.1,47.1,2.5,7.1,0.3,2.7,0.1,6.0,0.7100000000000001,0,1,396.0,0
25.0,89.0,13.0,2.5,28.6,1.3,6.9,0.0,1.7,0.0,6.0,0.401,0,1,143.0,0
27.0,77.0,16.0,0.0,64.8,3.0,14.2,1.2,3.9,0.5,6.0,1.297,0,1,368.0,0
31.0,67.0,14.0,0.0,82.6,5.8,22.2,3.1,7.0,2.5,6.0,3.115,0,1,462.0,1
33.0,54.0,13.0,0.0,88.2,9.9,30.5,6.4,10.9,7.2,6.0,6.452,0,1,598.0,1
30.0,73.0,15.0,0.0,86.6,12.1,38.3,5.6,13.5,7.1,6.0,6.747,0,1,405.0,1
25.0,88.0,13.0,0.2,52.9,7.9,38.8,0.4,10.5,0.3,6.0,2.362,0,1,156.0,0
28.0,79.0,12.0,0.0,73.2,9.5,46.3,1.3,12.6,0.9,6.0,3.217,0,1,252.0,0
31.0,65.0,14.0,0.0,84.5,12.5,54.3,4.0,15.8,5.6,6.0,6.297000000000001,0,1,490.0,1
26.0,81.0,19.0,0.0,84.0,13.8,61.4,4.8,17.7,7.1,6.0,7.411,0,1,361.0,1
27.0,84.0,21.0,1.2,50.0,6.7,17.0,0.5,6.7,0.2,6.0,1.59,0,1,336.0,0
30.0,78.0,20.0,0.5,59.0,4.6,7.8,1.0,4.4,0.4,6.0,1.3220000000000003,0,1,440.0,0
28.0,80.0,17.0,3.1,49.4,3.0,7.4,0.4,3.0,0.1,6.0,0.7960000000000002,0,1,340.0,0
29.0,89.0,13.0,0.7,36.1,1.7,7.6,0.0,2.2,0.0,6.0,0.509,0,1,143.0,0
30.0,89.0,16.0,0.6,37.3,1.1,7.8,0.0,1.6,0.0,6.0,0.39100000000000007,0,1,176.0,0
31.0,78.0,14.0,0.3,56.9,1.9,8.0,0.7,2.4,0.2,6.0,0.784,0,1,308.0,0
31.0,55.0,16.0,0.1,79.9,4.5,16.0,2.5,5.3,1.4,6.0,2.227,0,1,720.0,0
30.0,80.0,16.0,0.4,59.8,3.4,27.1,0.9,5.1,0.4,6.0,1.4400000000000002,0,1,320.0,0
30.0,78.0,14.0,0.0,81.0,6.3,31.6,2.6,8.4,2.2,6.0,3.162,0,1,308.0,1
31.0,67.0,17.0,0.1,79.1,7.0,39.5,2.4,9.7,2.3,6.0,3.4349999999999996,0,1,561.0,0
32.0,62.0,18.0,0.1,81.4,8.2,47.7,3.3,11.5,3.8,6.0,4.582000000000001,0,1,684.0,1
32.0,66.0,17.0,0.0,85.9,11.2,55.8,5.6,14.9,7.5,6.0,7.198,0,1,578.0,1
31.0,64.0,15.0,0.0,86.7,14.2,63.8,5.7,18.3,8.4,6.0,8.258,0,1,540.0,1
31.0,64.0,18.0,0.0,86.8,17.8,71.8,6.7,21.6,10.6,6.0,9.998,0,1,648.0,1
34.0,53.0,18.0,0.0,89.0,21.6,80.3,9.2,25.8,15.0,6.0,13.115,0,1,846.0,1
32.0,55.0,14.0,0.0,89.1,25.5,88.5,7.6,29.7,13.9,6.0,13.129,0,1,630.0,1
32.0,47.0,13.0,0.3,79.9,18.4,84.4,2.2,23.8,3.9,6.0,6.877000000000001,0,1,689.0,0
33.0,50.0,14.0,0.0,88.7,22.9,92.8,7.2,28.3,12.9,6.0,12.376000000000003,0,1,700.0,1
29.0,68.0,19.0,1.0,59.9,2.5,8.6,1.1,2.9,0.4,7.0,1.05,0,1,608.0,0
27.0,75.0,19.0,1.2,55.7,2.4,8.3,0.8,2.8,0.3,7.0,0.919,0,1,475.0,0
32.0,76.0,20.0,0.7,63.1,2.6,9.2,1.3,3.0,0.5,7.0,1.1480000000000001,0,1,480.0,0
33.0,78.0,17.0,0.0,80.1,4.6,18.5,2.7,5.7,1.7,7.0,2.448,0,1,374.0,0
33.0,66.0,14.0,0.0,85.9,7.6,27.9,4.8,9.1,4.9,7.0,4.84,0,1,476.0,1
32.0,63.0,14.0,0.0,87.0,10.9,37.0,5.6,12.5,6.8,7.0,6.441,0,1,518.0,1
35.0,64.0,18.0,0.2,80.0,9.7,40.4,2.8,12.1,3.2,7.0,4.366,0,1,648.0,0
33.0,68.0,19.0,0.0,85.6,12.5,49.8,6.0,15.4,8.0,7.0,7.578,0,1,608.0,1
32.0,68.0,14.0,1.4,66.6,7.7,9.2,1.1,7.4,0.6,7.0,2.036,0,1,448.0,0
33.0,69.0,13.0,0.7,66.6,6.0,9.3,1.1,5.8,0.5,7.0,1.677,0,1,403.0,0
33.0,76.0,14.0,0.0,81.1,8.1,18.7,2.6,8.1,2.2,7.0,3.1100000000000003,0,1,336.0,0
31.0,75.0,13.0,0.1,75.1,7.9,27.7,1.5,9.2,0.9,7.0,2.5869999999999997,0,1,325.0,0
34.0,81.0,15.0,0.0,81.8,9.7,37.2,3.0,11.7,3.4,7.0,4.387,0,1,285.0,0
34.0,61.0,13.0,0.6,73.9,7.8,22.9,1.4,8.4,0.8,7.0,2.3870000000000005,0,1,507.0,0
30.0,80.0,19.0,0.4,60.7,5.2,17.0,1.1,5.9,0.5,7.0,1.6800000000000002,0,1,380.0,0
28.0,76.0,21.0,0.0,72.6,7.0,25.5,0.7,8.3,0.4,7.0,2.04,0,1,504.0,0
29.0,70.0,14.0,0.0,82.8,9.4,34.1,3.2,11.1,3.6,7.0,4.388000000000001,0,1,420.0,1
31.0,68.0,14.0,0.0,85.4,12.1,43.1,4.6,14.2,6.0,7.0,6.2540000000000004,0,1,448.0,1
35.0,59.0,17.0,0.0,88.1,12.0,52.8,7.7,18.2,10.9,7.0,9.651000000000002,0,1,697.0,1
33.0,65.0,15.0,0.1,81.4,12.3,62.1,2.8,16.5,4.0,7.0,5.561000000000001,0,1,525.0,1
33.0,70.0,17.0,0.0,85.4,18.5,71.5,5.2,22.4,8.8,7.0,9.136,0,1,510.0,1
28.0,79.0,18.0,0.1,73.4,16.4,79.9,1.8,21.7,2.8,7.0,5.897,0,1,378.0,0
27.0,66.0,22.0,0.4,68.2,10.5,71.3,1.8,15.4,2.1,7.0,4.368,0,1,748.0,0
28.0,78.0,16.0,0.1,70.0,9.6,79.7,1.4,14.7,1.3,7.0,3.818,0,1,352.0,0
31.0,65.0,18.0,0.0,84.3,12.5,88.7,4.8,18.5,7.3,7.0,7.6770000000000005,0,1,630.0,1
36.0,53.0,19.0,0.0,89.2,17.1,98.6,10.0,23.9,15.3,7.0,13.019000000000002,0,1,893.0,1
36.0,48.0,13.0,0.0,90.3,22.2,108.5,8.7,29.4,15.3,7.0,13.864,0,1,676.0,1
33.0,76.0,15.0,0.0,86.5,24.4,117.8,5.6,32.1,11.3,7.0,12.150000000000002,0,1,360.0,1
32.0,73.0,15.0,0.0,86.6,26.7,127.0,5.6,35.0,11.9,7.0,12.971,0,1,405.0,1
31.0,79.0,15.0,0.0,85.4,28.5,136.0,4.7,37.4,10.7,7.0,12.783000000000001,0,1,315.0,1
35.0,64.0,17.0,0.0,87.2,31.9,145.7,6.8,41.2,15.7,7.0,15.986,0,1,612.0,1
36.0,45.0,14.0,0.0,78.8,4.8,10.2,2.0,4.7,0.9,8.0,1.8270000000000002,0,1,770.0,0
35.0,55.0,12.0,0.4,78.0,5.8,10.0,1.7,5.5,0.8,8.0,1.8750000000000002,0,1,540.0,0
35.0,63.0,14.0,0.3,76.6,5.7,10.0,1.7,5.5,0.8,8.0,1.8670000000000002,0,1,518.0,0
34.0,69.0,13.0,0.0,85.0,8.2,19.8,4.0,8.2,3.9,8.0,4.098999999999999,0,1,403.0,1
34.0,65.0,13.0,0.0,86.8,11.1,29.7,5.2,11.5,6.1,8.0,5.883,0,1,455.0,1
32.0,75.0,14.0,0.0,86.4,13.0,39.1,5.2,14.2,6.8,8.0,6.689,0,1,350.0,1
32.0,69.0,16.0,0.0,86.5,15.5,48.6,5.5,17.2,8.0,8.0,7.835,0,1,496.0,1
32.0,60.0,18.0,0.3,77.1,11.3,47.0,2.2,14.1,2.6,8.0,4.404000000000001,0,1,720.0,0
35.0,59.0,17.0,0.0,87.4,14.8,57.0,6.9,17.9,9.9,8.0,9.031000000000002,0,1,697.0,1
35.0,55.0,14.0,0.0,88.9,18.6,67.0,7.4,21.9,11.6,8.0,10.615,0,1,630.0,1
35.0,63.0,13.0,0.0,88.9,21.7,77.0,7.1,25.5,12.1,8.0,11.467,0,1,481.0,1
35.0,51.0,13.0,0.3,81.3,15.6,75.1,2.5,20.7,4.2,8.0,6.439000000000001,0,1,637.0,0
35.0,63.0,15.0,0.0,87.0,19.0,85.1,5.9,24.4,10.2,8.0,10.247000000000002,0,1,555.0,1
33.0,66.0,14.0,0.0,87.0,21.7,94.7,5.7,27.2,10.6,8.0,10.920000000000002,0,1,476.0,1
36.0,55.0,13.0,0.3,82.4,15.6,92.5,3.7,22.0,6.3,8.0,7.777,0,1,585.0,1
36.0,61.0,18.0,0.3,80.2,11.7,90.4,2.8,17.6,4.2,8.0,5.871,0,1,702.0,1
37.0,52.0,18.0,0.0,89.3,16.0,100.7,9.7,22.9,14.6,8.0,12.482,0,1,864.0,1
36.0,54.0,18.0,0.0,89.4,20.0,110.9,9.7,27.5,16.1,8.0,13.998,0,1,828.0,1
35.0,62.0,19.0,0.0,89.4,23.2,120.9,9.7,31.3,17.2,8.0,15.188000000000002,0,1,722.0,1
35.0,68.0,19.0,0.0,88.3,25.9,130.6,8.8,34.7,16.8,8.0,15.522000000000002,0,1,608.0,1
36.0,58.0,19.0,0.0,88.6,29.6,141.1,9.2,38.8,18.4,8.0,17.074,0,1,798.0,1
36.0,55.0,18.0,0.0,89.1,33.5,151.3,9.9,43.1,20.4,8.0,18.877000000000002,0,1,810.0,1
36.0,53.0,16.0,0.0,89.5,37.6,161.5,10.4,47.5,22.3,8.0,20.619,0,1,752.0,1
34.0,64.0,14.0,0.0,88.9,40.5,171.3,9.0,50.9,20.9,8.0,20.444000000000003,0,1,504.0,1
35.0,60.0,15.0,0.0,88.9,43.9,181.3,8.2,54.7,20.3,8.0,20.810000000000002,0,1,600.0,1
31.0,78.0,18.0,0.0,85.8,45.6,190.6,4.7,57.1,13.7,8.0,17.924000000000003,0,1,396.0,1
33.0,82.0,21.0,0.0,84.9,47.0,200.2,4.4,59.3,13.2,8.0,18.104,0,1,378.0,1
34.0,64.0,16.0,0.0,89.4,50.2,210.4,7.3,62.9,19.9,8.0,22.104000000000003,0,1,576.0,1
35.0,48.0,18.0,0.0,90.1,54.2,220.4,12.5,67.4,30.2,8.0,28.182000000000002,0,1,936.0,1
35.0,70.0,17.0,0.8,72.7,25.2,180.4,1.7,37.4,4.2,8.0,9.6,0,1,510.0,0
28.0,80.0,21.0,16.8,52.5,8.7,8.7,0.6,8.3,0.3,8.0,1.9760000000000002,0,1,420.0,0
25.0,76.0,17.0,7.2,46.0,1.3,7.5,0.2,1.8,0.1,9.0,0.514,0,1,408.0,0
22.0,86.0,15.0,10.1,30.5,0.7,7.0,0.0,1.1,0.0,9.0,0.278,0,1,210.0,0
25.0,78.0,15.0,3.8,42.6,1.2,7.5,0.1,1.7,0.0,9.0,0.43200000000000005,0,1,330.0,0
29.0,73.0,17.0,0.1,68.4,1.9,15.7,1.4,2.9,0.5,9.0,1.145,0,1,459.0,0
29.0,75.0,16.0,0.0,80.8,3.4,24.0,2.8,5.1,1.7,9.0,2.3429999999999995,0,1,400.0,1
29.0,74.0,19.0,0.1,75.8,3.6,32.2,2.1,5.6,0.9,9.0,1.984,0,1,494.0,0
31.0,71.0,17.0,0.3,69.6,3.2,30.1,1.5,5.1,0.6,9.0,1.651,0,1,493.0,0
30.0,73.0,17.0,0.9,62.0,2.6,8.4,1.1,3.0,0.4,9.0,1.0670000000000002,0,1,459.0,0
30.0,77.0,15.0,1.0,56.1,2.1,8.4,0.7,2.6,0.2,9.0,0.8230000000000001,0,1,345.0,0
33.0,73.0,12.0,1.8,59.9,2.2,8.9,0.7,2.7,0.3,9.0,0.8930000000000001,0,1,324.0,0
30.0,77.0,21.0,1.8,58.5,1.9,8.4,1.1,2.4,0.3,9.0,0.9030000000000001,0,1,483.0,0
29.0,88.0,13.0,0.0,71.0,2.6,16.6,1.2,3.7,0.5,9.0,1.2500000000000002,0,1,156.0,0
25.0,86.0,21.0,4.6,40.9,1.3,7.5,0.1,1.8,0.0,9.0,0.44400000000000006,0,1,294.0,0
22.0,76.0,26.0,8.3,47.4,1.1,7.0,0.4,1.6,0.1,9.0,0.508,0,1,624.0,0
24.0,82.0,15.0,0.4,44.9,0.9,7.3,0.2,1.4,0.0,9.0,0.38599999999999995,0,1,270.0,0
30.0,65.0,14.0,0.0,78.1,3.2,15.7,1.9,4.2,0.8,9.0,1.635,0,1,490.0,0
31.0,52.0,14.0,0.0,87.7,6.4,24.3,6.2,7.7,5.9,9.0,5.250000000000001,0,1,672.0,1
32.0,49.0,11.0,0.0,89.4,9.8,33.1,6.8,11.3,7.7,9.0,6.815000000000001,0,1,561.0,1
29.0,57.0,14.0,0.0,89.3,12.5,41.3,7.8,14.2,9.7,9.0,8.380999999999998,0,1,602.0,1
28.0,84.0,18.0,0.0,83.8,13.5,49.3,4.5,16.0,6.3,9.0,6.692,0,1,288.0,1
31.0,55.0,11.0,0.0,87.8,16.5,57.9,5.4,19.2,8.3,9.0,8.347,0,1,495.0,1
31.0,50.0,19.0,0.6,77.8,10.6,41.4,2.4,12.9,2.8,9.0,4.292,0,1,950.0,0
32.0,54.0,11.0,0.5,73.7,7.9,30.4,1.2,9.6,0.7,9.0,2.55,0,1,506.0,0
29.0,65.0,19.0,0.6,68.3,5.5,15.2,1.5,5.8,0.7,9.0,1.833,0,1,665.0,0
26.0,81.0,21.0,5.8,48.6,3.0,7.7,0.4,3.0,0.1,9.0,0.7910000000000001,0,1,399.0,0
31.0,54.0,11.0,0.0,82.0,6.0,16.3,2.5,6.2,1.7,9.0,2.528,0,1,506.0,0
31.0,66.0,11.0,0.0,85.7,8.3,24.9,4.0,9.0,4.1,9.0,4.336,0,1,374.0,1
32.0,47.0,14.0,0.7,77.5,7.1,8.8,1.8,6.8,0.9,9.0,2.197,0,1,742.0,0
26.0,80.0,16.0,1.8,47.4,2.9,7.7,0.3,3.0,0.1,9.0,0.7720000000000001,0,1,320.0,0
25.0,78.0,14.0,1.4,45.0,1.9,7.5,0.2,2.4,0.1,9.0,0.6320000000000001,0,1,308.0,0
32.0,71.0,12.0,0.7,57.1,2.5,8.2,0.6,2.8,0.2,6.0,0.8530000000000001,0,1,348.0,0
30.0,73.0,13.0,4.0,55.7,2.7,7.8,0.6,2.9,0.2,6.0,0.8670000000000001,0,1,351.0,0
29.0,80.0,14.0,2.0,48.7,2.2,7.6,0.3,2.6,0.1,6.0,0.698,0,1,280.0,0
30.0,64.0,14.0,0.0,79.4,5.2,15.4,2.2,5.6,1.0,6.0,2.056,0,1,504.0,0
32.0,60.0,14.0,0.2,77.1,6.0,17.6,1.8,6.5,0.9,6.0,2.124,0,1,560.0,0
35.0,54.0,11.0,0.1,83.7,8.4,26.3,3.1,9.3,3.1,6.0,3.8360000000000003,0,1,506.0,1
35.0,44.0,17.0,0.2,85.6,9.9,28.9,5.4,10.7,6.0,6.0,5.746000000000001,0,1,952.0,1
28.0,51.0,17.0,1.3,71.4,7.7,7.4,1.5,7.3,0.8,6.0,2.185,0,1,833.0,0
27.0,59.0,18.0,0.1,78.1,8.5,14.7,2.4,8.3,1.9,6.0,2.995,0,1,738.0,0
30.0,41.0,15.0,0.0,89.4,13.3,22.5,8.4,13.1,10.0,6.0,8.419,0,1,885.0,1
31.0,42.0,21.0,0.0,90.6,18.2,30.5,13.4,18.0,16.7,6.0,13.079999999999998,0,1,1218.0,1
27.0,58.0,17.0,0.0,88.9,21.3,37.8,8.7,21.2,12.9,6.0,11.236,0,1,714.0,1
30.0,52.0,15.0,2.0,72.3,11.4,7.8,1.4,10.9,0.9,6.0,2.9280000000000004,0,1,720.0,0
27.0,79.0,16.0,0.7,53.4,6.4,7.3,0.5,6.1,0.3,6.0,1.515,0,1,336.0,0
28.0,90.0,15.0,0.0,66.8,7.2,14.7,1.2,7.1,0.6,6.0,1.966,0,1,150.0,0
29.0,87.0,15.0,0.4,47.4,4.2,8.0,0.2,4.1,0.1,6.0,0.971,0,1,195.0,0
31.0,69.0,17.0,4.7,62.2,3.9,8.0,1.1,3.8,0.4,6.0,1.233,0,1,527.0,0
33.0,62.0,10.0,8.7,65.5,4.6,8.3,0.9,4.4,0.4,6.0,1.3240000000000003,0,1,380.0,0
32.0,67.0,14.0,4.5,64.6,4.4,8.2,1.0,4.2,0.4,6.0,1.2970000000000002,0,1,462.0,0
31.0,72.0,14.0,0.2,60.2,3.8,8.0,0.8,3.7,0.3,6.0,1.11,0,1,392.0,0
32.0,55.0,14.0,0.0,86.2,8.3,18.4,5.0,8.2,4.9,6.0,4.709,0,1,630.0,1
33.0,46.0,14.0,1.1,78.3,8.1,8.3,1.9,7.7,1.2,6.0,2.5199999999999996,0,1,756.0,0
33.0,59.0,16.0,0.8,74.2,7.0,8.3,1.6,6.7,0.8,6.0,2.087,0,1,656.0,0
35.0,68.0,16.0,0.0,85.3,10.0,17.0,4.9,9.9,5.3,6.0,5.182,0,1,512.0,1
34.0,70.0,16.0,0.0,86.0,12.8,25.6,5.4,12.7,6.7,6.0,6.398000000000001,0,1,480.0,1
36.0,62.0,16.0,0.0,87.8,16.5,34.5,7.0,16.4,9.5,6.0,8.59,0,1,608.0,1
36.0,55.0,15.0,0.0,89.1,20.9,43.3,8.0,20.8,12.0,6.0,10.677,0,1,675.0,1
37.0,37.0,13.0,0.0,92.5,27.2,52.4,11.7,27.1,18.4,6.0,15.257000000000001,0,1,819.0,1
37.0,36.0,13.0,0.6,86.2,17.9,36.7,4.8,17.8,7.2,6.0,7.538,0,1,832.0,1
34.0,42.0,15.0,1.7,79.7,12.0,8.5,2.2,11.5,2.2,6.0,3.7460000000000004,0,1,870.0,0
28.0,58.0,18.0,2.2,63.7,3.2,8.5,1.2,3.3,0.5,7.0,1.1980000000000002,0,1,756.0,0
33.0,48.0,16.0,0.0,87.6,7.9,17.8,6.8,7.8,6.4,7.0,5.598,0,1,832.0,1
34.0,56.0,17.0,0.1,84.7,9.7,27.3,4.7,10.3,5.2,7.0,5.191999999999999,0,1,748.0,1
34.0,58.0,18.0,0.0,88.0,13.6,36.8,8.0,14.1,9.9,7.0,8.49,0,1,756.0,1
34.0,45.0,18.0,0.0,90.5,18.7,46.4,11.3,18.7,15.0,7.0,12.123,0,1,990.0,1
35.0,42.0,15.0,0.3,84.7,15.5,45.1,4.3,16.7,6.3,7.0,6.848,0,1,870.0,1
38.0,43.0,13.0,0.5,85.0,13.0,35.4,4.1,13.7,5.2,7.0,5.773000000000001,0,1,741.0,1
35.0,47.0,18.0,6.0,80.8,9.8,9.7,3.1,9.4,3.0,7.0,3.823,0,1,954.0,1
36.0,43.0,15.0,1.9,82.3,9.4,9.9,3.2,9.0,3.1,7.0,3.8090000000000006,0,1,855.0,1
34.0,51.0,16.0,3.8,77.5,8.0,9.5,2.0,7.7,1.3,7.0,2.577,0,1,784.0,0
34.0,56.0,15.0,2.9,74.8,7.1,9.5,1.6,6.8,0.8,7.0,2.112,0,1,660.0,0
36.0,44.0,13.0,0.0,90.1,12.6,19.4,8.3,12.5,9.6,7.0,8.127999999999998,0,1,728.0,1
39.0,45.0,13.0,0.6,85.2,11.3,10.4,4.2,10.9,4.7,7.0,5.033,0,1,715.0,1
34.0,45.0,17.0,0.0,90.5,18.0,24.1,10.9,17.7,14.1,7.0,11.482999999999999,0,1,935.0,1
31.0,83.0,17.0,0.0,84.5,19.4,33.1,4.7,19.2,7.3,7.0,7.779,0,1,289.0,1
32.0,81.0,17.0,0.0,84.6,21.1,42.3,4.7,20.9,7.7,7.0,8.283,0,1,323.0,1
33.0,68.0,15.0,0.0,86.1,23.9,51.6,5.2,23.9,9.1,7.0,9.558000000000002,0,1,480.0,1
34.0,58.0,16.0,0.0,88.1,27.8,61.1,7.3,27.7,13.0,7.0,12.309999999999999,0,1,672.0,1
36.0,50.0,16.0,0.0,89.9,32.7,71.0,9.5,32.6,17.3,7.0,15.462,0,1,800.0,1
36.0,29.0,18.0,0.0,93.9,39.6,80.6,18.5,39.5,30.0,7.0,23.743000000000002,1,1,1278.0,1
32.0,48.0,18.0,0.0,91.5,44.2,90.1,13.2,44.0,25.4,7.0,21.716,0,1,936.0,1
31.0,71.0,17.0,0.0,87.3,46.6,99.0,6.9,46.5,16.3,7.0,17.291000000000004,0,1,493.0,1
33.0,63.0,17.0,1.1,72.8,20.9,56.6,1.6,21.7,2.5,7.0,5.763,0,1,629.0,0
39.0,64.0,9.0,1.2,73.8,11.7,15.9,1.1,11.4,0.7,7.0,2.894,0,1,324.0,0
35.0,58.0,10.0,0.2,78.3,10.8,19.7,1.6,10.7,1.0,7.0,2.972,0,1,420.0,0
29.0,87.0,18.0,0.0,80.0,11.8,28.3,2.8,11.8,3.2,7.0,4.271000000000001,0,1,234.0,0
33.0,57.0,16.0,0.0,87.5,15.7,37.6,6.7,15.7,9.0,7.0,8.189,0,1,688.0,1
34.0,59.0,16.0,0.0,88.1,19.5,47.2,7.4,19.5,10.9,7.0,9.849000000000002,0,1,656.0,1
36.0,56.0,16.0,0.0,88.9,23.8,57.1,8.2,23.8,13.2,7.0,11.796,0,1,704.0,1
37.0,55.0,15.0,0.0,89.3,28.3,67.2,8.3,28.3,14.5,7.0,13.239,0,1,675.0,1
38.0,52.0,14.0,0.0,78.3,4.4,10.5,2.0,4.4,0.8,8.0,1.7240000000000002,0,1,672.0,0
40.0,34.0,14.0,0.0,93.3,10.8,21.4,13.8,10.6,13.5,8.0,10.426000000000002,0,1,924.0,1
39.0,33.0,17.0,0.0,93.7,17.1,32.1,17.2,16.9,19.5,8.0,14.765,0,1,1139.0,1
38.0,35.0,15.0,0.0,93.8,23.0,42.7,15.7,22.9,20.9,8.0,16.221,0,1,975.0,1
34.0,42.0,17.0,0.1,88.3,23.6,52.5,19.0,23.5,12.6,8.0,13.665999999999999,0,1,986.0,1
30.0,54.0,14.0,3.1,70.5,11.0,9.1,1.3,10.5,0.8,8.0,2.786,0,1,644.0,0
34.0,63.0,13.0,2.9,69.7,7.2,9.8,1.2,6.9,0.6,8.0,1.965,0,1,481.0,0
37.0,56.0,11.0,0.0,87.4,11.2,20.2,5.2,11.0,5.9,8.0,5.718,0,1,484.0,1
39.0,43.0,12.0,0.0,91.7,16.5,30.9,9.6,16.4,12.7,8.0,10.415,0,1,684.0,1
39.0,39.0,15.0,0.2,89.3,15.8,35.4,8.2,15.8,10.7,8.0,9.219,0,1,915.0,1
40.0,31.0,15.0,0.0,94.2,22.5,46.3,16.6,22.4,21.6,8.0,16.589,0,1,1035.0,1
39.0,21.0,17.0,0.4,93.0,18.4,41.5,15.5,18.4,18.8,8.0,14.457,0,1,1343.0,1
35.0,34.0,16.0,0.2,88.3,16.9,45.1,7.5,17.5,10.5,8.0,9.336,0,1,1056.0,1
37.0,40.0,13.0,0.0,91.9,22.3,55.5,10.8,22.3,15.7,8.0,13.034000000000002,0,1,780.0,1
35.0,46.0,13.0,0.3,83.9,16.9,54.2,3.5,19.0,5.5,8.0,6.824000000000002,0,1,702.0,1
40.0,41.0,10.0,0.1,92.0,22.6,65.1,9.5,24.2,14.8,8.0,12.799,0,1,590.0,1
42.0,24.0,9.0,0.0,96.0,30.3,76.4,15.7,30.4,24.0,8.0,18.98,1,1,684.0,1
37.0,37.0,14.0,0.0,94.3,35.9,86.8,16.0,35.9,26.3,8.0,21.037000000000003,0,1,882.0,1
35.0,66.0,15.0,0.1,82.7,32.7,96.8,3.3,35.5,7.7,8.0,10.944,0,1,510.0,1
36.0,81.0,15.0,0.0,83.7,34.4,107.0,3.8,38.1,9.0,8.0,12.071,0,1,285.0,1
36.0,71.0,15.0,0.0,86.0,36.9,117.1,5.1,41.3,12.2,8.0,14.261,0,1,435.0,1
37.0,53.0,14.0,0.0,89.5,41.1,127.5,8.0,45.5,18.1,8.0,18.061000000000003,0,1,658.0,1
36.0,43.0,16.0,0.0,91.2,46.1,137.7,11.5,50.2,24.5,8.0,22.269,0,1,912.0,1
35.0,38.0,15.0,0.0,92.1,51.3,147.7,12.2,54.9,26.9,8.0,24.312,0,1,930.0,1
34.0,40.0,18.0,0.0,92.1,56.3,157.5,14.3,59.5,31.1,8.0,27.328000000000003,0,1,1080.0,1
33.0,37.0,16.0,0.0,92.2,61.3,167.2,13.1,64.0,30.3,8.0,27.669,0,1,1008.0,1
36.0,54.0,14.0,0.0,91.0,65.9,177.3,10.0,68.0,26.1,8.0,26.158,0,1,644.0,1
35.0,56.0,14.0,0.4,79.2,37.0,166.0,2.1,30.6,6.1,8.0,9.094000000000001,0,1,616.0,0
35.0,53.0,17.0,0.5,80.2,20.7,149.2,2.7,30.6,5.9,8.0,9.137000000000002,0,1,799.0,1
34.0,49.0,15.0,0.0,89.2,24.8,159.1,8.1,35.7,16.0,8.0,15.279,0,1,765.0,1
30.0,59.0,19.0,0.0,89.1,27.8,168.2,9.8,39.3,19.4,8.0,17.680999999999997,0,1,779.0,1
29.0,86.0,16.0,0.0,37.9,0.9,8.2,0.1,1.4,0.0,9.0,0.372,0,1,224.0,0
28.0,67.0,19.0,0.0,75.4,2.9,16.3,2.0,4.0,0.8,9.0,1.609,0,1,627.0,0
28.0,75.0,16.0,0.0,82.2,4.4,24.3,3.3,6.0,2.5,9.0,2.9410000000000003,0,1,400.0,1
30.0,66.0,15.0,0.2,73.5,4.1,26.6,1.5,6.0,0.7,9.0,1.8740000000000003,0,1,510.0,0
30.0,58.0,12.0,4.1,66.1,4.0,8.4,1.0,3.9,0.4,9.0,1.2420000000000002,0,1,504.0,0
34.0,71.0,14.0,6.5,64.5,3.3,9.1,1.0,3.5,0.4,9.0,1.157,0,1,406.0,0
31.0,62.0,15.0,0.0,83.3,5.8,17.7,3.8,6.4,3.2,9.0,3.42,0,1,570.0,1
30.0,88.0,14.0,0.0,82.5,6.6,26.1,3.0,8.1,2.7,9.0,3.3720000000000003,0,1,168.0,1
30.0,80.0,15.0,0.0,83.1,7.9,34.5,3.5,10.0,3.7,9.0,4.259999999999999,0,1,300.0,1
29.0,74.0,15.0,1.1,59.5,4.7,8.2,0.8,4.6,0.3,9.0,1.284,0,1,390.0,0
30.0,73.0,14.0,0.0,79.2,6.5,16.6,2.1,6.6,1.2,9.0,2.3070000000000004,0,1,378.0,0
31.0,72.0,14.0,0.0,84.2,8.3,25.2,3.8,9.1,3.9,9.0,4.23,0,1,392.0,1
29.0,49.0,19.0,0.0,88.6,11.5,33.4,9.1,12.4,10.3,9.0,8.529000000000002,0,1,969.0,1
28.0,81.0,15.0,0.0,84.6,12.6,41.5,4.3,14.3,5.7,9.0,6.075,0,1,285.0,1
32.0,51.0,13.0,0.0,88.7,16.0,50.2,6.9,17.8,9.8,9.0,8.973,0,1,637.0,1
33.0,26.0,13.0,0.0,93.9,21.2,59.2,14.2,22.4,19.3,9.0,15.18,1,1,962.0,1
34.0,44.0,12.0,0.0,92.5,25.2,63.3,11.2,26.2,17.5,9.0,14.604,0,1,672.0,1
36.0,33.0,13.0,0.1,90.6,25.8,77.8,9.0,28.2,15.4,9.0,13.739,0,1,871.0,1
29.0,41.0,8.0,0.1,83.9,24.9,86.0,2.7,28.9,5.6,9.0,8.677,0,1,472.0,1
34.0,58.0,13.0,0.2,79.5,18.7,88.0,2.1,24.4,3.8,9.0,6.93,0,1,546.0,0
35.0,34.0,17.0,0.0,92.2,23.6,97.3,13.8,29.4,21.6,9.0,17.416,0,1,1122.0,1
33.0,64.0,13.0,0.0,88.9,26.1,106.3,7.1,32.4,13.7,9.0,13.482000000000001,0,1,468.0,1
35.0,56.0,14.0,0.0,89.0,29.4,115.6,7.5,36.0,15.2,9.0,14.894000000000002,0,1,616.0,1
26.0,49.0,6.0,2.0,61.3,11.9,28.1,0.6,11.9,0.4,9.0,2.7630000000000003,0,1,306.0,0
28.0,70.0,15.0,0.0,79.9,13.8,36.1,2.4,14.1,3.0,9.0,4.586,0,1,450.0,0
30.0,65.0,14.0,0.0,85.4,16.0,44.5,4.5,16.9,6.5,9.0,6.975,0,1,490.0,1
28.0,87.0,15.0,4.4,41.1,6.5,8.0,0.1,6.2,0.0,9.0,1.3290000000000002,0,1,195.0,0
27.0,87.0,29.0,0.5,45.9,3.5,7.9,0.4,3.4,0.2,9.0,0.9070000000000001,0,1,377.0,0
24.0,54.0,18.0,0.1,79.7,4.3,15.2,1.7,5.1,0.7,9.0,1.7340000000000002,0,1,828.0,0
24.0,64.0,15.0,0.2,67.3,3.8,16.5,1.2,4.8,0.5,9.0,1.484,0,1,540.0,0
8.2,51.0,6.7,0.0,77.96,35.407889999999995,133.8,70.83085615221512,42.61943338199817,20.085670452135176,3.0,30.78972608769673,0,0,328.3,0
18.0,33.0,0.9,0.0,89.9,99.43269000000001,239.64,17.365461895439154,97.6115416828585,150.0,10.0,83.09840071565952,0,0,60.300000000000004,0
14.6,33.0,1.3,0.0,88.88,81.73263,202.92,23.82678254945608,81.4492864683909,150.0,10.0,81.1514138035694,0,0,87.10000000000001,0
8.3,97.0,4.0,0.2,54.59,1.8911400000000003,134.09260000000003,13.024956681522358,3.653459168034739,1.2570060821832345,3.0,3.8580856027847137,0,0,12.0,0
11.4,99.0,1.8,0.0,54.92,0.9712500000000001,168.35999999999999,5.95951001602489,1.9148803307016653,0.3730754019768519,3.0,1.7479082301360516,0,0,1.8,0
22.2,29.0,5.4,0.0,93.16,128.53911,285.0,100.0,120.83372861649875,150.0,8.0,104.28214572329975,1,1,383.40000000000003,0
24.1,27.0,3.1,0.0,94.73,142.93692000000001,305.52000000000004,76.29669429169829,131.76212111666288,150.0,8.0,101.73296308167222,1,1,226.3,0
8.0,86.0,2.2,0.0,60.4,9.89898,131.64,9.60031740629985,16.665015563244424,1.9762562218177584,8.0,6.0735690826359585,0,1,30.800000000000004,0
13.1,63.0,5.4,0.0,73.43,40.82358,186.71999999999997,45.43666845572489,52.79174440264396,13.712381138741614,9.0,25.193835027170415,0,1,199.8,0
22.8,40.0,4.0,0.0,87.84,111.42180000000002,291.47999999999996,69.57009196488875,113.94823302965304,150.0,9.0,96.80926499890836,0,1,240.0,0
17.8,51.0,7.2,0.0,80.84,71.95797000000002,237.48000000000002,88.00480601037498,81.88593734929252,150.0,9.0,94.0627486719335,0,1,352.8,0
19.3,38.0,4.0,0.0,87.79,98.27496000000002,253.67999999999998,69.3950307441617,99.84784498074718,150.0,9.0,93.94917514498178,0,1,248.0,0
17.0,72.0,6.7,0.0,70.1,39.37836000000001,228.84,47.66652297687502,55.067065333500985,14.557599864291577,8.0,26.43175760779183,0,1,187.6,0
21.3,42.0,2.2,0.0,86.39,100.94784000000001,275.28000000000003,35.56749863208345,105.33091744534752,150.0,9.0,88.2802832154862,0,1,127.60000000000001,0
26.4,21.0,4.5,0.0,98.42,168.80325000000002,330.35999999999996,100.0,148.24079140753358,150.0,9.0,109.77995828150671,1,1,355.5,0
22.9,44.0,5.4,0.0,85.87,104.42880000000001,292.55999999999995,85.04419429797727,110.36817211425094,150.0,9.0,99.18427328244564,0,1,302.40000000000003,0
15.1,27.0,5.4,0.0,92.03,91.88802,208.31999999999996,100.0,87.39886410633908,150.0,3.0,97.5829728212678,1,0,394.20000000000005,0
16.7,47.0,4.9,0.0,82.51,73.30218,225.6,65.15029983824869,80.8939281413956,150.0,10.0,89.29524559592886,0,0,259.70000000000005,0
15.9,35.0,4.0,0.0,88.27,85.8585,216.95999999999998,71.09396564571061,86.31871929639614,150.0,3.0,91.57933698842136,0,0,260.0,0
9.3,44.0,4.5,0.0,81.79,45.25248,145.68000000000004,57.70006485376331,50.943505678748,17.23759121789459,4.0,28.6983505936601,0,0,252.0,0
18.3,40.0,2.7,0.0,86.49,90.44280000000002,242.88,43.87153365845442,93.67737508429069,150.0,9.0,87.60638174854903,0,1,162.0,0
19.1,38.0,2.7,0.0,87.73,97.31148000000002,251.52,46.70023859345988,98.9322368190151,150.0,9.0,89.226695082495,0,1,167.4,0
21.0,44.0,4.5,0.0,85.3,96.16152000000001,272.03999999999996,68.8635628799986,102.0980920777595,150.0,6.0,94.29033099155161,0,1,252.0,0
19.5,43.0,5.8,0.0,85.35,91.23534000000001,255.84,88.98138746649497,96.46732755865224,150.0,8.0,97.18574300502944,0,1,330.59999999999997,0
23.7,32.0,5.8,0.0,92.11,131.03328000000002,301.2,100.0,125.53518683101474,150.0,8.0,105.22243736620294,0,1,394.4,0
16.3,60.0,5.4,0.0,75.89,54.079200000000014,221.28,51.43294159738873,67.13815149171094,16.586489439118964,8.0,30.42141439346752,0,1,216.0,0
19.0,34.0,5.8,0.0,89.7,103.07682000000001,250.43999999999997,100.0,101.60565978899591,150.0,9.0,100.42513195779918,0,1,382.8,0
19.4,48.0,1.3,0.0,82.82,82.82820000000001,254.75999999999996,17.556897017955805,91.38114875200492,150.0,9.0,81.87840915399215,0,1,67.60000000000001,0
30.2,24.0,2.7,0.0,98.06,184.83276000000004,371.4,78.59263350475264,164.723112700134,150.0,9.0,108.79954924097733,1,1,205.20000000000002,0
22.8,39.0,3.6,0.0,88.34,113.27883000000001,291.47999999999996,64.21066036313294,114.9114883500928,150.0,9.0,95.93102974264515,0,1,219.6,0
25.4,24.0,3.6,0.0,96.62,156.48780000000002,319.56,97.45575169091836,140.71093434499224,150.0,9.0,107.76013720718211,1,1,273.6,0
11.2,78.0,7.6,0.0,65.36,21.02562,166.2,42.581566485108496,31.947242251135126,11.042312126363559,9.0,19.36708659779415,0,1,167.2,0
20.6,37.0,1.8,0.0,88.68,106.22367000000001,267.72,32.66011686026857,106.65403388626892,150.0,9.0,87.9670301493075,0,1,113.4,0
17.7,39.0,3.6,0.0,86.81,89.10636000000001,236.4,59.44625019325727,91.752162061598,150.0,9.0,90.33608245097106,0,1,219.6,0
21.2,32.0,2.7,0.0,91.36,117.82428000000002,274.20000000000005,56.07359216077117,113.60631413250155,150.0,9.0,94.04638125865453,0,1,183.60000000000002,0
18.2,62.0,4.5,0.0,75.46,56.98518,241.79999999999995,41.9420791021215,71.71655534019389,13.766036298529034,9.0,28.312541407874694,0,1,171.0,0
21.7,24.0,4.5,0.0,95.51,134.63856,279.6,100.0,122.1848297162927,150.0,10.0,104.55636594325854,1,0,342.0,0
11.3,60.0,5.4,0.0,74.39,38.5392,167.28000000000003,47.688670515723466,48.90854736546633,14.080871563841166,10.0,25.014392201774424,0,0,216.0,0
17.8,27.0,4.0,0.0,92.84,107.20269,237.48000000000002,89.50412931721996,100.72858878787135,150.0,10.0,98.15514362101827,1,0,292.0,0
14.1,43.0,2.7,0.0,83.73,67.31928,197.51999999999998,38.1753215350546,72.69673897311631,12.574828919254305,3.0,27.289543669335902,0,0,153.9,0
23.3,37.0,3.1,0.0,89.49,119.44044000000001,296.88,58.591287743464875,119.09517511236918,150.0,7.0,95.64689257116682,0,1,195.3,0
18.4,42.0,6.7,0.0,85.52,87.87870000000001,243.95999999999998,100.0,92.47735999672172,150.0,8.0,98.59027199934435,0,1,388.6,0
16.6,54.0,5.4,0.0,78.98,63.263340000000014,224.52000000000004,60.09844419630752,74.2340182952483,19.905798153813613,8.0,34.90801175983661,0,1,248.4,0
19.6,48.0,2.7,0.0,82.88,83.63628000000001,256.92,36.57473764200229,92.2202924957021,150.0,9.0,85.85020602754088,0,1,140.4,0
12.9,74.0,4.9,0.0,67.87,28.2828,184.55999999999997,31.155391304259364,40.8973228488966,8.726079885941056,9.0,17.952774785007616,0,1,127.4,0
25.9,24.0,4.0,0.0,96.77,159.4404,324.96,100.0,143.21317617271518,150.0,9.0,108.77043523454303,1,1,304.0,0
14.7,70.0,3.6,0.0,70.41,36.8298,204.0,26.015084586322526,50.75258325811303,7.763528075682382,9.0,18.518344799160065,0,1,108.0,0
23.0,36.0,3.1,0.0,89.9,119.84448000000002,293.64,59.81436875095709,118.63816972449035,150.0,7.0,95.8005076950895,0,1,198.4,0
11.8,35.0,1.8,0.0,87.04,65.15145000000001,172.68,30.06961115594349,67.05441711830748,9.693826976454663,3.0,23.39093644543206,0,0,117.0,0
11.0,46.0,5.8,0.0,81.3,50.76918,164.04,72.55520484688833,57.24556429954029,22.400324674413856,3.0,34.99628369905127,0,0,313.2,0
20.8,17.0,1.3,0.0,98.74,141.23529000000002,269.88,39.15999402905447,122.37081520120262,150.0,9.0,92.43076184605142,1,1,107.9,0
21.5,34.0,2.2,0.0,90.45,115.89732000000002,277.44,43.641811102755106,113.38323356098746,150.0,8.0,91.51400893274852,0,1,145.20000000000002,0
20.4,42.0,4.9,0.0,86.12,96.8919,265.56,78.14802665678539,101.34351981724731,150.0,8.0,95.99710929480656,0,1,284.20000000000005,0
20.4,42.0,4.9,0.0,86.12,96.8919,265.56,78.14802665678539,101.34351981724731,150.0,8.0,95.99710929480656,0,1,284.20000000000005,0
17.6,45.0,3.6,0.0,83.78,79.91445000000002,235.32000000000002,51.028834034227344,86.44078530910977,150.0,8.0,87.58412386866743,0,1,198.0,0
27.7,24.0,2.2,0.0,97.31,170.06976000000003,344.40000000000003,61.66343077308593,152.2192170545119,150.0,9.0,102.90792956551957,1,1,167.20000000000002,0
17.8,63.0,4.9,0.0,74.84,54.33561000000001,237.48000000000002,44.26550058565625,69.12914240926885,14.387274624494747,9.0,28.50643844878292,0,1,181.3,0
13.8,50.0,2.7,0.0,80.14,57.886500000000005,194.28,31.85802057571952,66.34988396635364,10.241223953273213,10.0,23.815670489723917,0,0,135.0,0
13.9,40.0,5.4,0.0,85.17,69.93,195.35999999999999,82.09671917148228,73.80912556618613,27.150990161975397,2.0,42.129365012323845,0,0,324.0,0
12.3,51.0,0.9,0.0,79.19,51.01782000000001,178.07999999999998,10.122962772176553,59.45363979362932,3.1582581198834663,2.0,15.25222376111456,0,0,44.1,0
11.5,39.0,5.8,0.0,84.95,59.720220000000005,169.44,87.2058327725645,63.493560139147554,27.701678447099916,3.0,41.30454996118238,0,0,353.8,0
5.5,59.0,6.3,0.0,73.15,21.02562,104.64,52.26677720390892,27.99059410970311,12.978040570923302,3.0,21.29469049109173,0,0,258.3,0
18.8,35.0,4.9,0.0,89.14,100.50495000000002,248.28,90.99300230708809,99.90486391826926,150.0,8.0,98.28217324507146,0,1,318.5,0
20.8,33.0,2.7,0.0,90.74,114.00921000000002,269.88,54.34883475730936,110.89790592711859,150.0,8.0,93.15794813688558,0,1,180.9,0
23.1,31.0,3.1,0.0,92.43,129.74346000000003,294.71999999999997,67.94731409919713,123.53188755488196,150.0,8.0,98.41104033081582,0,1,213.9,0
18.6,44.0,4.5,0.0,84.58,85.71864000000002,246.12,66.4099169837554,91.64335178784185,150.0,8.0,91.70385375431945,0,1,252.0,0
23.0,37.0,4.5,0.0,89.4,117.97191000000002,293.64,84.66702388836593,117.71333972503953,150.0,9.0,100.5850727226811,0,1,283.5,0
19.6,33.0,5.4,0.0,90.38,107.76213000000001,256.92,100.0,105.20578043200733,150.0,9.0,101.14735608640146,0,1,361.8,0
19.6,33.0,6.3,0.0,90.38,107.76213000000001,256.92,100.0,105.20578043200733,150.0,9.0,101.14735608640146,0,1,422.09999999999997,0
17.2,26.0,4.5,0.0,93.16,105.22134000000001,230.99999999999997,100.0,98.39470672817687,150.0,3.0,99.78734134563538,1,0,333.0,0
15.8,27.0,7.6,0.0,92.24,95.85849,215.88000000000002,100.0,90.85720350809468,150.0,3.0,98.27604070161892,1,0,554.8,0
17.7,37.0,3.6,0.0,87.81,92.02788000000001,236.4,62.518502078005326,93.27670874404664,150.0,9.0,91.25744216441039,0,1,226.8,0
15.6,25.0,6.3,0.0,93.18,97.31925000000001,213.72,100.0,91.02071709917573,150.0,3.0,98.31034341983515,1,0,472.5,0
17.3,43.0,4.5,0.0,84.69,81.49176000000001,232.08,66.7790425806641,86.79297331208707,150.0,8.0,90.80600317855024,0,1,256.5,0
27.6,30.0,1.3,0.0,94.28,156.09930000000003,343.32000000000005,31.278040354046105,146.1131760046949,150.0,9.0,95.60344327174819,0,1,91.0,0
6.7,79.0,3.1,0.0,63.51,12.727260000000001,117.6,15.822829657990077,20.03402226231843,3.4931929084233517,2.0,8.603047547431043,0,0,65.10000000000001,0
15.7,43.0,3.1,0.0,84.21,74.40552000000001,214.8,44.90399706194858,79.74922883067596,15.154250313230081,2.0,31.08074530381694,0,0,176.70000000000002,0
8.3,72.0,3.1,0.0,67.49,20.45064,134.88000000000002,19.336722576793576,29.658932702747233,4.894504495814074,3.0,11.801532854233793,0,0,86.8,0
14.7,66.0,2.7,0.0,72.41,41.74044,204.0,21.58016215055987,55.229528004336615,6.596142948793769,8.0,18.063795210496803,0,1,91.80000000000001,0
21.6,19.0,6.7,0.0,97.98,142.86699000000004,278.52000000000004,100.0,125.19138718558712,150.0,8.0,105.16247743711743,1,1,542.7,0
19.5,39.0,6.3,0.0,87.35,97.63782000000002,255.84,100.0,99.93167056504168,150.0,8.0,100.08633411300835,0,1,384.3,0
17.9,44.0,2.2,0.0,84.37,82.67280000000001,238.55999999999997,32.125318613091636,88.59187630104735,150.0,8.0,84.2352389828278,0,1,123.20000000000002,0
18.6,51.0,4.5,0.0,81.08,75.00381000000002,246.12,55.67222658287924,85.14146759041166,150.0,8.0,88.24893883465819,0,1,220.5,0
16.6,47.0,0.9,0.0,82.48,72.89037000000002,224.52000000000004,11.948305689995578,80.46957477793124,150.0,8.0,78.56977609358535,0,1,47.7,0
20.2,45.0,3.6,0.0,84.56,91.02555000000001,263.4,53.07441822645497,97.66957970707125,150.0,8.0,90.24419958670526,0,1,198.0,0
21.5,15.0,0.9,0.0,99.95,149.26170000000002,277.44,28.81519306612385,127.3025395941712,150.0,9.0,91.351546532059,1,1,76.5,0
25.4,27.0,2.2,0.0,95.12,150.31065,319.56,55.22064909180215,138.15827418616337,150.0,9.0,98.7995846555931,1,1,160.60000000000002,0
22.4,34.0,2.2,0.0,90.72,120.51270000000001,287.15999999999997,44.23962855674036,117.62051971817105,150.0,9.0,92.48282965498228,0,1,145.20000000000002,0
25.3,36.0,3.6,0.0,90.59,131.28192,318.48,71.9194502469071,129.30766184126264,150.0,9.0,100.36002241763394,0,1,230.4,0
17.4,25.0,4.9,0.0,93.72,107.80875,233.15999999999997,100.0,100.0102724957646,150.0,3.0,100.11185449915293,1,0,367.5,0
14.7,59.0,5.8,0.0,75.91,50.33406,204.0,55.29849086939492,62.26225711369973,17.472539349984682,8.0,30.571565336612807,0,1,237.79999999999998,0
17.4,24.0,5.4,0.0,94.22,109.2462,233.15999999999997,100.0,100.62438895009291,150.0,3.0,100.23567779001858,1,0,410.40000000000003,0
20.8,32.0,6.3,0.0,91.24,115.71084,269.88,100.0,111.69679339527595,150.0,8.0,102.4489586790552,0,1,428.4,0
18.2,43.0,4.9,0.0,84.96,85.47777000000002,241.79999999999995,73.71102683422589,90.75199303262985,150.0,8.0,92.98600397337115,0,1,279.3,0
23.4,22.0,2.7,0.0,97.02,148.4847,297.96,74.57999992383806,132.23058111218043,150.0,8.0,101.4869162072037,1,1,210.60000000000002,0
17.8,64.0,1.3,0.0,74.34,52.86708000000001,237.48000000000002,11.451716886592187,67.92881799236272,3.704660146185134,9.0,17.429571034265038,0,1,46.800000000000004,0
12.7,48.0,1.8,0.0,80.81,55.75752,182.4,21.967967412598178,63.20919636643375,6.969795379999964,2.0,19.900750907806373,0,0,93.60000000000001,0
17.4,24.0,5.4,0.0,94.22,109.2462,233.15999999999997,100.0,100.62438895009291,150.0,3.0,100.23567779001858,1,0,410.40000000000003,0
11.6,87.0,4.5,0.0,60.98,12.82827,170.51999999999998,20.219397127508973,21.595010738018,4.5877993435007705,8.0,10.234201310505703,0,1,58.5,0
19.8,39.0,5.4,0.0,87.44,99.05973000000002,259.08000000000004,92.0455307689792,101.29424495659251,150.0,8.0,98.76855514511435,0,1,329.40000000000003,0
19.8,39.0,5.4,0.0,87.44,99.05973000000002,259.08000000000004,92.0455307689792,101.29424495659251,150.0,8.0,98.76855514511435,0,1,329.40000000000003,0
14.4,66.0,5.4,0.0,72.32,40.947900000000004,200.76,42.96503108622947,54.238778108402336,13.06593207796332,8.0,24.729934670111692,0,1,183.60000000000002,0
20.1,40.0,4.0,0.0,87.03,98.83440000000003,262.32,66.78769532401478,101.79003421336117,150.0,8.0,93.81574590747519,0,1,240.0,0
24.1,29.0,4.5,0.0,93.73,139.02084000000002,305.52000000000004,100.0,130.0733281291116,150.0,9.0,106.13386562582231,1,1,319.5,0
5.3,78.0,3.1,0.0,63.59,10.940160000000002,102.48,15.886743386866424,17.270923265037958,3.316050927737487,1.0,7.990553701475872,0,0,68.2,0
12.7,52.0,6.3,0.0,78.81,51.46848,182.4,69.51679194567197,60.35816370804842,21.778900219992092,3.0,34.759951218740916,0,0,302.4,0
18.2,29.0,3.1,0.0,91.96,106.47231000000001,241.79999999999995,66.35700370713663,101.36207177423606,150.0,3.0,93.65121509627454,1,0,220.1,0
21.4,33.0,3.1,0.0,90.92,117.13275,276.36,62.969073699828506,113.7429889424419,150.0,8.0,95.45221252845407,0,1,207.70000000000002,0
20.3,45.0,3.1,0.0,84.59,91.45290000000003,264.48,45.772112679580005,98.10119594210248,150.0,9.0,88.8702617243365,0,1,170.5,0
17.4,56.0,5.4,0.0,78.22,63.247800000000005,233.15999999999997,57.84040351863355,75.37756322937744,19.235007415507102,9.0,34.41639631580504,0,1,237.60000000000002,0
13.7,43.0,5.8,0.0,83.61,65.54772,193.2,81.5118671029085,70.93194871419307,26.67547026022161,3.0,41.243351267508956,0,0,330.59999999999997,0
18.8,18.0,4.5,0.0,97.64,126.79086000000002,248.28,100.0,111.38159260117605,150.0,3.0,102.3959185202352,1,0,369.0,0
22.8,39.0,3.6,0.0,88.34,113.27883000000001,291.47999999999996,64.21066036313294,114.9114883500928,150.0,9.0,95.93102974264515,0,1,219.6,0
18.9,35.0,2.7,0.0,89.17,101.01,249.35999999999999,50.21485371810125,100.37295816125298,150.0,9.0,90.22036237587086,0,1,175.5,0
15.8,27.0,7.6,0.0,92.24,95.85849,215.88000000000002,100.0,90.85720350809468,150.0,3.0,98.27604070161892,1,0,554.8,0
15.5,27.0,6.3,0.0,92.15,94.15686000000002,212.64000000000001,100.0,89.37529835074429,150.0,3.0,97.97905967014886,1,0,459.9,0
11.6,30.0,6.3,0.0,89.48,69.0753,170.51999999999998,100.0,68.63886037787525,32.44045886826768,3.0,46.79715562288212,0,0,441.0,0
15.2,27.0,4.9,0.0,92.06,92.45523000000001,209.39999999999998,100.0,87.89303478647402,150.0,3.0,97.6820069572948,1,0,357.70000000000005,0
10.6,30.0,4.0,0.0,89.18,63.636300000000006,159.71999999999997,74.42987164313824,63.76185160486934,23.670399958562367,3.0,37.19770463302646,0,0,280.0,0
19.6,36.0,3.1,0.0,88.88,102.93696000000003,256.92,56.81771223331835,102.8523606106724,150.0,8.0,92.03721456879813,0,1,198.4,0
10.3,74.0,2.2,0.0,67.09,23.030280000000005,156.48000000000002,13.44900682189991,33.671366896365186,3.546776284191175,8.0,10.88938525732949,0,1,57.2,0
17.1,43.0,5.4,0.0,84.63,80.60598000000002,229.92000000000002,79.89293727339448,85.9129107759404,150.0,8.0,93.25236960986699,0,1,307.8,0
22.5,42.0,5.4,0.0,86.75,106.35576000000002,288.24,88.90018773651123,110.64552947996918,150.0,9.0,100.01214344329608,0,1,313.20000000000005,0
17.9,45.0,3.1,0.0,83.87,81.1965,238.55999999999997,44.141227611458554,87.73715881386428,150.0,9.0,86.46647728506457,0,1,170.5,0
19.8,50.0,5.4,0.0,81.94,81.1965,259.08000000000004,69.76541182019008,91.0525285372502,150.0,9.0,92.25318807148804,0,1,270.0,0
20.6,24.0,5.4,0.0,95.18,128.14284000000004,267.72,100.0,116.67309113265459,150.0,10.0,103.45181822653092,1,0,410.40000000000003,0
9.0,49.0,2.2,0.0,79.2,40.023270000000004,142.44,24.757492267494463,47.01815757195124,7.226955378361919,3.0,17.314912119233906,0,0,112.2,0
17.2,43.0,3.1,0.0,84.66,81.04887000000002,230.99999999999997,45.933849732495815,86.35295543121417,150.0,9.0,86.54876103274201,0,1,176.70000000000002,0
15.9,46.0,3.6,0.0,82.77,71.32860000000001,216.95999999999998,48.49675779790834,78.30087301526065,16.288950124709334,10.0,31.960906212517532,0,0,194.4,0
15.4,35.0,0.9,0.0,88.12,83.33325,211.56,15.875691217034042,83.97361530174177,150.0,10.0,80.06566130375516,0,0,58.5,0
15.4,40.0,2.7,0.0,85.62,76.923,211.56,41.98978497116147,80.58989547939888,150.0,2.0,84.60673609011207,0,0,162.0,0
14.0,39.0,3.1,0.0,85.7,71.56947000000001,196.44,48.405232249598505,74.90920544269139,16.070991109321074,3.0,31.18028398218641,0,0,189.1,0
10.6,46.0,4.9,0.0,81.18,49.09086,159.71999999999997,60.92710842680194,55.520370583690976,18.650284779073957,3.0,30.82480971372817,0,0,264.6,0
17.6,42.0,3.1,0.0,85.28,84.27342000000002,235.32000000000002,47.391558030187824,88.92848533756887,150.0,9.0,87.35720867355136,0,1,179.8,0
14.9,38.0,2.7,0.0,86.47,77.0784,206.16,43.827342198650314,79.68025043609072,14.78757883234172,3.0,30.708350059884896,0,0,167.4,0
17.6,52.0,5.8,0.0,80.28,69.74352000000002,235.32000000000002,68.92024167611076,80.1214761965495,150.0,8.0,89.89154357453205,0,1,278.4,0
17.2,58.0,1.3,0.0,77.16,59.720220000000005,230.99999999999997,13.20029879322704,72.54978595890411,4.345810833925679,9.0,18.964741283996506,0,1,54.6,0
15.6,66.0,3.1,0.0,72.68,44.11806,213.72,25.116628384020373,58.200392840587206,7.7900886972269685,9.0,19.8446397238123,0,1,105.4,0
18.0,42.0,2.7,0.0,85.4,86.07606000000003,239.64,41.52686527139717,90.70311491228378,150.0,7.0,86.5399960367362,0,1,156.60000000000002,1
21.7,38.0,2.2,0.0,88.51,109.83672000000001,279.6,39.577432168879625,110.829258239991,150.0,9.0,90.18673808177414,0,1,136.4,1
21.9,39.0,1.8,0.0,88.07,109.01310000000001,281.76,31.67148551842959,110.82777901218309,150.0,9.0,88.60465290612254,0,1,109.8,1
23.3,31.0,4.5,0.0,92.49,130.81572000000003,296.88,98.93185675152462,124.49223927540018,150.0,8.0,104.80041920538497,0,1,310.5,1
21.2,51.0,8.9,0.0,81.86,84.90279000000001,274.20000000000005,100.0,95.71384212866815,150.0,8.0,99.23416842573364,0,1,436.1,1
16.6,53.0,5.4,0.0,79.48,64.63863,224.52000000000004,61.63186059558426,75.17240517866583,20.481212718799146,7.0,35.633538242369674,0,1,253.8,1
23.8,32.0,5.4,0.0,92.14,131.56164,302.28000000000003,100.0,126.01216281487335,150.0,8.0,105.31803256297468,0,1,367.20000000000005,1
27.4,22.0,4.0,0.0,98.22,172.7271,341.15999999999997,100.0,152.46896402226193,150.0,8.0,110.62659280445239,1,1,312.0,1
13.2,40.0,5.4,0.0,84.96,66.6666,187.79999999999998,81.2325601846571,70.64125185225413,26.555066653236608,3.0,41.083189068676894,0,0,324.0,1
24.2,28.0,3.6,0.0,94.26,141.53832000000003,306.59999999999997,86.5288640037685,131.41315301075693,150.0,9.0,103.70880340290509,1,1,259.2,1
17.4,43.0,6.7,0.0,84.72,81.93465,233.15999999999997,99.57699132558001,87.23296481966909,150.0,8.0,97.45379122904984,0,1,381.90000000000003,1
23.7,25.0,4.5,0.0,95.61,144.52200000000002,301.2,100.0,131.41035908772045,150.0,9.0,106.40447181754409,1,1,337.5,1
23.2,39.0,5.4,0.0,88.46,115.17471,295.79999999999995,96.90015846968112,116.72612069792899,150.0,6.0,102.83265583352203,0,1,329.40000000000003,1
24.8,29.0,2.2,0.0,93.94,142.88253,313.08,52.032928631617224,133.47622990181478,150.0,7.0,97.2224317066864,1,1,156.20000000000002,1
24.6,43.0,1.8,0.0,86.88,113.82273000000002,310.92,29.828152598641235,118.86188300901426,150.0,7.0,89.8442071215311,0,1,102.60000000000001,1
20.1,47.0,4.9,0.0,83.53,87.30372000000001,262.32,68.58643028001468,95.30789160878777,150.0,9.0,92.87206437776048,0,1,259.70000000000005,1
29.6,27.0,2.7,0.0,96.38,174.13347000000005,364.92,72.21319415480824,158.81155690026768,150.0,9.0,106.33715021101517,1,1,197.10000000000002,1
16.4,47.0,1.3,0.0,82.42,72.06675,222.35999999999999,17.206562731217193,79.62078346894013,5.80446114459035,8.0,21.77305369786761,0,1,68.9,1
28.6,27.0,2.2,0.0,96.08,168.46137000000004,354.12,57.957579851379656,153.89543658734453,150.0,9.0,102.50080328774483,1,1,160.60000000000002,1
18.4,45.0,3.6,0.0,84.02,83.33325,243.95999999999998,51.64970304514927,89.8973135301838,150.0,8.0,88.40120331506661,0,1,198.0,1
20.5,35.0,4.0,0.0,89.65,109.0908,266.64,76.21365619851409,107.85961109800418,150.0,8.0,96.92065345930365,0,1,260.0,1
19.0,34.0,5.8,0.0,89.7,103.07682000000001,250.43999999999997,100.0,101.60565978899591,150.0,9.0,100.42513195779918,0,1,382.8,1
16.1,29.0,3.1,0.0,91.33,94.88724000000003,219.12,64.28354008327516,91.12401808351194,150.0,3.0,91.18471163335742,1,0,220.1,1
20.3,41.0,4.0,0.0,86.59,98.10402000000002,264.48,65.32320034928615,101.8030209092748,150.0,8.0,93.5248442517122,0,1,236.0,1
15.2,31.0,8.5,0.0,90.06,87.38919000000001,209.39999999999998,100.0,85.53606683848936,150.0,3.0,97.20661336769788,0,0,586.5,1
17.8,56.0,1.8,0.0,78.34,64.61532000000001,237.48000000000002,19.397070812469018,76.91294649634712,6.484706910915234,9.0,21.93548622612932,0,1,79.2,1
17.8,67.0,2.2,0.0,72.84,48.461490000000005,237.48000000000002,17.96899479149086,64.18039253085266,5.724711253464051,9.0,18.788361965854325,0,1,72.60000000000001,1
5.3,70.0,4.5,0.0,67.59,14.918400000000002,102.48,28.211234848730523,21.8754993355452,6.430987395199577,3.0,12.630341794934976,0,0,135.0,1
16.6,47.0,0.9,0.0,82.48,72.89037000000002,224.52000000000004,11.948305689995578,80.46957477793124,150.0,8.0,78.56977609358535,0,1,47.7,1
23.4,33.0,4.5,0.0,91.52,127.54455000000002,297.96,94.21251208990141,123.22257384539655,150.0,8.0,103.60081718705959,0,1,301.5,1
14.6,26.0,9.4,0.0,92.38,90.27186,202.92,100.0,85.47816194637468,150.0,3.0,97.19883238927494,1,0,695.6,1
20.7,45.0,2.2,0.0,84.71,93.1623,268.79999999999995,32.68045069598285,99.82749355200058,150.0,8.0,86.59798884959669,0,1,121.00000000000001,1
21.9,35.0,1.8,0.0,90.07,116.1615,281.76,35.02971725341009,114.40658356694934,150.0,9.0,89.99606016407189,0,1,117.0,1
17.4,50.0,4.0,0.0,81.22,71.8725,233.15999999999997,49.83676485901798,81.18269166253876,150.0,8.0,86.28869130431134,0,1,200.0,1
20.1,39.0,5.4,0.0,87.53,100.48164000000003,262.32,92.46391444439368,102.65664638804373,150.0,8.0,99.12531216648749,0,1,329.40000000000003,1
17.7,39.0,2.2,0.0,86.81,89.10636000000001,236.4,36.32826400699055,91.752162061598,150.0,9.0,85.71248521371771,0,1,134.20000000000002,1
14.2,53.0,1.8,0.0,78.76,55.874069999999996,198.6,19.811961384375486,65.60489741466101,6.349475987018174,8.0,19.69856215461457,0,1,84.60000000000001,1
20.3,39.0,4.9,0.0,87.59,101.42958000000002,264.48,84.15649538516192,103.56482128086213,150.0,8.0,97.64586333320482,0,1,298.90000000000003,1
5.8,54.0,5.8,0.0,75.74,24.661980000000003,107.88,54.826810568919704,31.3862183475762,14.136604409303397,4.0,22.95484754702054,0,0,266.8,1
19.2,44.0,2.7,0.0,84.76,88.32936000000001,252.6,40.20900492821619,94.25805549004576,150.0,8.0,86.98781208365239,0,1,151.20000000000002,1
18.3,45.0,2.2,0.0,83.99,82.90590000000002,242.88,31.51602860708648,89.46532780326339,150.0,9.0,84.28787128206999,0,1,121.00000000000001,1
14.4,66.0,5.4,0.0,72.32,40.947900000000004,200.76,42.96503108622947,54.238778108402336,13.06593207796332,8.0,24.729934670111692,0,1,183.60000000000002,1
23.9,32.0,6.7,0.0,92.17,132.09,303.36,100.0,126.48912644352122,150.0,9.0,105.41362528870424,0,1,455.6,1
19.1,32.0,4.0,0.0,90.73,106.72872000000002,251.52,80.47623004194708,103.5779661495725,150.0,10.0,96.91703923830391,0,0,272.0,1
12.4,53.0,2.2,0.0,78.22,49.300650000000005,179.16,23.56460884092478,58.41506358835942,7.316179968844656,2.0,19.394206473394703,0,0,103.4,1
16.8,45.0,4.5,0.0,83.54,76.49565000000001,226.68,63.01928543075308,82.98267550768614,150.0,10.0,89.28899218768785,0,0,247.5,1
20.8,34.0,4.9,0.0,90.24,112.30758000000002,269.88,96.17905455392386,110.08667474827894,150.0,8.0,101.36074586044057,0,1,323.40000000000003,1
17.6,46.0,3.1,0.0,83.28,78.46146000000002,235.32000000000002,42.848220355041306,85.58362750191844,150.0,9.0,85.77556957139196,0,1,167.4,1
11.5,39.0,5.8,0.0,84.95,59.720220000000005,169.44,87.2058327725645,63.493560139147554,27.701678447099916,3.0,41.30454996118238,0,0,353.8,1
21.0,42.0,2.2,0.0,86.3,99.59586000000002,272.03999999999996,35.40656167746271,104.00193061626598,150.0,9.0,87.98169845874575,0,1,127.60000000000001,1
13.3,42.0,0.9,0.0,83.99,64.89504000000001,188.88,12.892920793808104,69.81915134875655,4.201605454694611,3.0,18.307656610390776,0,0,52.2,1
11.5,60.0,4.0,0.0,74.45,39.1608,169.44,35.43190416429997,49.639785346311704,10.50669404122457,3.0,21.280015518612164,0,0,160.0,1
11.7,33.0,4.0,0.0,88.01,66.63552,171.6,70.16861012674384,67.62285906063487,22.672262696956356,3.0,36.71759891625829,0,0,268.0,1
24.2,28.0,2.7,0.0,94.26,141.53832000000003,306.59999999999997,64.89664800282638,131.41315301075693,150.0,8.0,99.38236020271667,1,1,194.4,1
24.6,22.0,4.5,0.0,97.38,155.75742000000002,310.92,100.0,138.3039918002473,150.0,8.0,107.78799836004946,1,1,351.0,1
24.3,25.0,4.0,0.0,95.79,148.01850000000002,307.68,100.0,134.39737734912242,150.0,9.0,107.00307546982448,1,1,300.0,1
24.6,22.0,4.5,0.0,97.38,155.75742000000002,310.92,100.0,138.3039918002473,150.0,8.0,107.78799836004946,1,1,351.0,1
23.5,36.0,5.4,0.0,90.05,122.33088000000002,299.04,100.0,120.95815820540518,150.0,8.0,104.30263164108104,0,1,345.6,1
5.8,54.0,5.8,0.0,75.74,24.661980000000003,107.88,54.826810568919704,31.3862183475762,14.136604409303397,4.0,22.95484754702054,0,0,266.8,1
21.5,15.0,0.9,0.0,99.95,149.26170000000002,277.44,28.81519306612385,127.3025395941712,150.0,9.0,91.351546532059,1,1,76.5,1
13.9,59.0,6.3,0.0,75.67,47.785500000000006,195.35999999999999,59.343567583771055,59.30535969303483,18.50181476070681,9.0,31.199311359643904,0,1,258.3,1
22.6,38.0,3.6,0.0,88.78,114.17238000000002,289.32,65.65021306298542,114.9448769540629,150.0,9.0,96.22621800340966,0,1,223.20000000000002,1
21.6,33.0,2.2,0.0,90.98,118.17393000000001,278.52000000000004,44.823043054591686,114.69121684689348,150.0,9.0,92.01305198029702,0,1,147.4,1
12.4,54.0,3.6,0.0,77.72,48.25170000000001,179.16,37.6008796918214,57.67229720854132,11.632699253301544,3.0,23.77851508139316,0,0,165.6,1
8.8,68.0,2.2,0.0,69.64,24.615360000000003,140.28,15.293069640159748,34.21926269747618,4.053783869018919,2.0,11.573580015134754,0,0,70.4,1
20.2,37.0,2.7,0.0,88.56,104.26563000000002,263.4,48.69483532919073,104.80990837145804,150.0,10.0,90.80434874012977,0,0,170.10000000000002,1
15.1,64.0,4.0,0.0,73.53,45.31464,208.31999999999996,33.826816037982674,58.70488022752002,10.516719678492706,3.0,22.779227124497623,0,0,144.0,1
22.1,34.0,1.8,0.0,90.63,118.97424000000002,283.92,36.032278640283366,116.20822675406123,150.0,9.0,90.55830107886892,0,1,118.8,1
22.9,31.0,7.2,0.0,92.37,128.6712,292.55999999999995,100.0,122.5714819029912,150.0,8.0,104.62909638059824,0,1,496.8,1
20.7,37.0,2.2,0.0,88.71,106.71318000000001,268.79999999999995,39.97831016152094,107.11502072507128,150.0,9.0,89.52306617731844,0,1,138.60000000000002,1
19.6,33.0,6.3,0.0,90.38,107.76213000000001,256.92,100.0,105.20578043200733,150.0,9.0,101.14735608640146,0,1,422.09999999999997,1
23.2,26.0,4.9,0.0,94.96,139.72014000000001,295.79999999999995,100.0,128.1326274134608,150.0,9.0,105.74692548269216,1,1,362.6,1
18.4,25.0,3.1,0.0,94.02,113.63625,243.95999999999998,73.6152873120222,105.00010837023987,150.0,10.0,95.83487913645241,1,0,232.5,1
5.1,96.0,5.8,0.0,54.53,1.92696,100.32,18.829172921759543,3.677324482713851,1.8244815792829367,8.0,5.245292112607854,0,1,23.2,1
20.1,47.0,4.9,0.0,83.53,87.30372000000001,262.32,68.58643028001468,95.30789160878777,150.0,9.0,92.87206437776048,0,1,259.70000000000005,1
11.0,46.0,5.8,0.0,81.3,50.76918,164.04,72.55520484688833,57.24556429954029,22.400324674413856,3.0,34.99628369905127,0,0,313.2,1
17.0,27.0,4.9,0.0,92.6,102.66501000000002,228.84,100.0,96.78157200399114,150.0,3.0,99.46331440079823,1,0,357.70000000000005,1
17.0,27.0,4.9,0.0,92.6,102.66501000000002,228.84,100.0,96.78157200399114,150.0,3.0,99.46331440079823,1,0,357.70000000000005,1
16.9,60.0,1.3,0.0,76.07,55.944,227.76,12.494822583502028,69.3204764427422,4.064093972222596,9.0,18.062497394137885,0,1,52.0,1
12.4,73.0,6.3,0.0,68.22,28.32165,179.16,40.769662315128535,40.59863981817409,11.393611622535927,9.0,20.8829050756749,0,1,170.1,1
19.4,19.0,1.3,0.0,97.32,129.02085,254.75999999999996,36.455847294341694,113.87024830707983,150.0,9.0,90.18501912028431,1,1,105.3,1
15.2,27.0,3.1,0.0,92.06,92.45523000000001,209.39999999999998,66.6922205182675,87.89303478647402,150.0,3.0,91.0204510609483,1,0,226.3,1
16.2,59.0,3.1,0.0,76.36,55.11261000000001,220.2,30.2339453757907,67.80119866157992,9.775829861251296,8.0,23.590760751974642,0,1,127.10000000000001,1
18.6,49.0,3.6,0.0,82.08,78.06519000000002,246.12,46.83954600323914,87.07969609676417,150.0,9.0,86.87204842000067,0,1,183.6,1
11.0,46.0,5.8,0.0,81.3,50.76918,164.04,72.55520484688833,57.24556429954029,22.400324674413856,3.0,34.99628369905127,0,0,313.2,1
13.4,79.0,3.6,0.0,65.52,23.659650000000003,189.96,20.33349337104268,36.08364489694537,5.480426533413746,7.0,13.52339826696311,0,1,75.60000000000001,1
15.4,57.0,4.5,0.0,77.12,55.128150000000005,211.56,45.601335232013575,66.76335537495818,14.683749632526684,9.0,28.420237974405026,0,1,193.5,1
22.9,39.0,4.9,0.0,88.37,113.75280000000001,292.55999999999995,87.53006250444386,115.36516581338947,150.0,9.0,100.68584566356667,0,1,298.90000000000003,1
16.1,44.0,4.0,0.0,83.83,74.84064000000002,219.12,56.84173697794182,80.73953204043555,150.0,10.0,87.60445380367547,0,0,224.0,1
20.1,34.0,4.5,0.0,90.03,108.71784000000002,262.32,87.3979561603864,106.78925623880335,150.0,8.0,98.94364247983796,0,1,297.0,1
28.3,26.0,3.1,0.0,96.49,169.04412000000005,350.88,83.37229102138369,153.3676159989285,150.0,9.0,107.47858140406244,1,1,229.4,1
16.4,43.0,4.0,0.0,84.42,77.50575,222.35999999999999,58.55701891429398,82.8318130415858,150.0,8.0,88.36756639117596,0,1,228.0,1
26.4,21.0,4.5,0.0,98.42,168.80325000000002,330.35999999999996,100.0,148.24079140753358,150.0,9.0,109.77995828150671,1,1,355.5,1
27.8,27.0,3.1,0.0,95.84,163.92369000000002,345.48,80.68579296130842,149.96199019243585,150.0,9.0,106.25815663074884,1,1,226.3,1
18.7,43.0,2.7,0.0,85.11,87.69222000000002,247.19999999999996,40.92444139688981,92.95062326072808,150.0,9.0,86.86941293152358,0,1,153.9,1
24.3,36.0,3.1,0.0,90.29,126.30912000000002,307.68,61.00147304804073,124.66950010622293,150.0,9.0,97.24679463085272,0,1,198.4,1
17.7,25.0,3.1,0.0,93.81,109.557,236.4,72.84040479856246,101.5075162247553,150.0,9.0,94.97998420466355,1,1,232.5,1
19.6,41.0,5.8,0.0,86.38,94.89501000000001,256.92,93.72162180413952,98.67466304339744,150.0,8.0,98.57745696950738,0,1,342.2,1
18.2,46.0,1.8,0.0,83.46,80.97894000000001,241.79999999999995,25.10630137988887,88.15222723544258,150.0,9.0,82.74210572306629,0,1,97.2,1
18.8,40.0,2.2,0.0,86.64,92.77380000000002,248.28,36.01839431229974,95.93157671229383,150.0,9.0,86.48759420491872,0,1,132.0,1
25.1,27.0,4.0,0.0,95.03,148.60902000000002,316.32,99.94688169786596,136.68240826654002,150.0,9.0,107.4490579928812,1,1,292.0,1
13.4,75.0,1.8,0.0,67.52,28.16625,189.96,11.244760261517277,41.09797691510398,3.1541132612212217,4.0,11.78199273981274,0,0,45.0,0
15.2,51.0,2.7,0.0,80.06,62.05899000000001,209.39999999999998,31.729853031243618,71.29465699449916,10.397943013527845,4.0,24.843479210559693,0,0,132.3,0
16.7,20.0,3.1,0.0,96.01,110.6448,225.6,81.3799405630594,99.40604547180997,150.0,4.0,96.27059720697387,1,0,248.0,0
15.4,66.0,4.0,0.0,72.62,43.5897,211.56,32.310716708455075,57.54037042502445,9.989706316557822,8.0,22.030899953319036,0,1,136.0,1
21.9,73.0,7.6,1.0,69.07,46.75170000000001,277.823,51.334772445824036,65.81512683147433,16.466342218417566,8.0,30.087316742826705,0,1,205.2,0
22.4,54.0,7.6,0.0,80.72,83.9937,287.15999999999997,92.33394555081283,97.03267718741735,150.0,8.0,97.96412454764604,0,1,349.59999999999997,1
26.8,38.0,6.3,0.0,90.03999999999999,134.40546000000003,334.68,100.0,134.13814961728448,150.0,8.0,106.9432299234569,0,1,390.59999999999997,1
25.7,39.0,5.4,0.0,89.21,127.02396,322.8,100.0,128.06335399852728,150.0,8.0,105.72507079970546,0,1,329.40000000000003,1
20.7,70.0,2.2,0.0,72.21,50.8158,268.79999999999995,17.40751589738724,69.01422628727914,5.6553169278694355,8.0,19.617875208081053,0,1,66.0,1
28.7,28.0,2.7,0.0,95.61,166.71312,355.2,69.46496145587162,153.41399069318945,150.0,8.0,104.70519042981222,1,1,194.4,0
21.7,40.0,0.4,0.0,87.51,106.29360000000001,279.6,6.84227972234334,108.99623693175334,150.0,8.0,83.27110333081934,0,1,24.0,1
26.8,25.0,3.1,0.0,96.53999999999999,162.58725,334.68,83.58261234964748,146.83888588435485,150.0,8.0,106.21289964680048,1,1,232.5,1
24.0,36.0,3.1,0.0,90.2,124.81728000000001,304.44,60.72545163306067,123.27783567652953,150.0,8.0,96.91265746191803,0,1,198.4,1
22.1,37.0,3.6,0.0,89.13,113.56632000000002,283.92,66.81832345729399,113.56710999380897,150.0,8.0,96.1842866902206,0,1,226.8,1
21.4,38.0,2.7,0.0,88.42,108.39150000000001,276.36,48.3525216067409,109.45711867782126,150.0,8.0,91.66672805691242,0,1,167.4,1
18.9,41.0,3.1,0.0,86.17,91.686,249.35999999999999,49.56531090861061,95.54535450799013,150.0,8.0,89.11893308332016,0,1,182.9,1
22.3,46.0,4.0,0.0,84.69,98.18172000000001,286.08,59.35914896059032,105.68579768746925,150.0,8.0,93.10758932961193,0,1,216.0,0
23.9,41.0,2.2,0.0,87.67,114.6075,303.36,37.93717344541084,117.8795352945265,150.0,8.0,91.27014174798747,0,1,129.8,1
21.4,44.0,2.7,0.0,85.42,97.902,276.36,41.56873714190927,103.83958911200546,150.0,8.0,89.18046525078294,0,1,151.20000000000002,1
20.6,59.0,0.9,0.0,77.68,69.12969000000001,267.72,9.381291921726426,84.02057752194034,150.0,8.0,78.76257388873336,0,1,36.9,0
23.7,40.0,1.8,0.0,88.11,115.61760000000001,301.2,31.735386942862025,117.99867976689312,150.0,8.0,90.05421334195103,0,1,108.0,1
28.3,32.0,4.0,0.0,93.49,155.33784,350.88,92.48424094473712,147.46512187516424,150.0,8.0,108.11447256398027,0,1,272.0,1
11.2,84.0,7.6,0.0,62.36,15.29136,166.2,36.607438154030866,24.863677689012764,8.730619463303503,8.0,15.824870953930127,0,1,121.6,1
21.4,42.0,3.1,0.0,86.42,101.39850000000001,276.36,50.19365941319485,105.77388202277412,150.0,8.0,91.2943082871938,0,1,179.8,1
19.3,39.0,3.6,0.0,87.29,96.68988000000002,253.67999999999998,60.9016182237417,99.02318803395083,150.0,8.0,92.08456125153852,0,1,219.6,1
21.8,53.0,3.1,0.0,81.04,83.62851000000002,280.68,38.274753918052674,95.85615965892094,150.0,8.0,86.91678271539472,0,1,145.70000000000002,1
22.1,54.0,7.6,0.0,80.63,82.92144,283.92,91.91614996280211,95.85469127689953,150.0,8.0,97.64436824794033,0,1,349.59999999999997,1
19.4,55.0,4.0,0.0,79.32,71.67825,254.75999999999996,45.28663527142529,84.15948266629643,150.0,8.0,85.97302358754433,0,1,180.0,1
23.7,24.0,3.1,0.0,96.11,146.44896,301.2,81.79104900137834,132.20119758260867,150.0,8.0,102.9218493167974,1,1,235.6,0
21.0,32.0,3.1,0.0,91.3,116.76756000000002,272.03999999999996,64.18643607029162,112.65158840813206,150.0,8.0,95.47760489568473,0,1,210.8,0
19.1,53.0,2.7,0.0,80.23,73.76838000000001,251.52,32.00282799470603,85.12259422876298,150.0,8.0,83.5102844446938,0,1,126.9,1
21.8,56.0,3.1,0.0,79.54,78.29052000000001,280.68,35.48838685829861,92.25138971577954,150.0,8.0,85.63555531481563,0,1,136.4,1
20.1,58.0,4.5,0.0,78.03,69.18408000000001,262.32,47.74106349600243,83.38701113546452,150.0,8.0,86.30781492629339,0,1,189.0,1
20.2,47.0,4.0,0.0,83.56,87.71553000000002,263.4,56.07362513819911,95.7314834689391,150.0,8.0,90.45442172142764,0,1,212.0,1
4.8,57.0,8.5,0.0,73.94,19.712490000000003,97.08,73.38250562403395,26.150167305979938,17.80727898144626,12.0,27.08204617858128,0,0,365.5,1
5.1,61.0,8.0,0.0,72.03,18.78786,100.32,62.72850957112073,25.5930395118742,15.110172003056986,12.0,23.757578617821785,0,0,312.0,1
5.1,61.0,4.9,0.0,72.03,18.78786,100.32,38.42121211231145,25.5930395118742,9.254980351872405,12.0,16.554042465586097,0,0,191.10000000000002,1
4.6,21.0,8.5,0.0,91.88,34.98831,94.91999999999999,100.0,36.41725666271133,27.030076313300583,12.0,38.183681857862496,1,0,671.5,1
4.6,21.0,8.5,0.0,91.88,34.98831,94.91999999999999,100.0,36.41725666271133,27.030076313300583,12.0,38.183681857862496,1,0,671.5,1
4.6,21.0,8.5,0.0,91.88,34.98831,94.91999999999999,100.0,36.41725666271133,27.030076313300583,12.0,38.183681857862496,1,0,671.5,1
4.6,21.0,8.5,0.0,91.88,34.98831,94.91999999999999,100.0,36.41725666271133,27.030076313300583,12.0,38.183681857862496,1,0,671.5,1
2.2,59.0,4.9,0.0,72.16,10.512810000000002,69.0,38.67372410868758,15.22599853960246,7.681142500956675,12.0,13.89780153004068,0,0,200.9,1
5.1,24.0,8.5,0.0,90.53,36.61224,100.32,100.0,38.289534988247375,27.452123039028184,12.0,38.72495621326075,1,0,646.0,1
4.2,51.0,4.0,0.0,76.76,20.178690000000003,90.6,39.805837080029555,25.923126873156978,9.630707842720367,2.0,17.055475927725453,0,0,196.0,0
8.8,35.0,3.1,0.0,86.14,49.999950000000005,140.28,49.49043963382133,52.87989807755105,14.942837968602316,2.0,26.533802729715408,0,0,201.5,1
7.5,46.0,8.0,0.0,80.25,36.08388,126.24000000000001,94.91880504364339,42.09036787673086,26.815960059532873,2.0,38.197218607888004,0,0,432.0,1
23.4,40.0,6.3,0.0,88.02,114.21900000000001,297.96,100.0,116.64864173612088,150.0,7.0,103.43652834722418,0,1,378.0,0
12.6,90.0,7.6,0.2,59.38,10.3449,180.5326,31.503203781579202,18.097248372078603,6.694686324042373,7.0,12.63316496034851,0,1,76.0,0
22.1,49.0,2.7,0.0,83.13,91.93464000000002,283.92,37.038402275223035,101.61259354030997,150.0,7.0,87.82539916310661,0,1,137.70000000000002,0
24.2,32.0,1.8,0.0,92.26,133.67508,306.59999999999997,39.11675397486593,127.91994458697299,150.0,7.0,93.52373971236779,0,1,122.4,0
24.3,30.0,1.8,0.0,93.29,138.15060000000003,307.68,41.20058954596974,130.17605777139582,150.0,7.0,94.39392946347309,0,1,126.0,0
18.7,53.0,1.8,0.0,80.11,72.30762,247.19999999999996,21.20659812616088,83.53142930579367,150.0,7.0,81.03200548639091,0,1,84.60000000000001,0
25.3,39.0,0.9,0.0,89.09,125.12808000000001,318.48,16.67094502072408,126.24984163531012,150.0,7.0,88.69575733120685,0,1,54.9,1
22.9,40.0,1.3,0.0,87.87,111.888,292.55999999999995,22.644485696642406,114.39833291468646,150.0,7.0,87.51436372226577,0,1,78.0,1
26.9,28.0,5.4,0.0,95.07,156.6432,335.76,100.0,144.61593788840798,150.0,7.0,109.0489875776816,1,1,388.8,1
17.1,67.0,3.6,0.0,72.63,46.666620000000016,229.92000000000002,29.094301963246288,61.9157409941752,9.17885111461805,7.0,21.94074903733152,0,1,118.8,1
22.2,48.0,1.3,0.0,83.66,94.14132000000002,285.0,18.31599029969919,103.12325610154868,150.0,6.0,84.38424928024958,0,1,67.60000000000001,0
14.3,46.0,1.8,0.0,82.29,64.61532000000001,199.68,23.668914568286308,71.438120205067,7.760493583433794,6.0,22.20820438804418,0,1,97.2,1
15.4,45.0,2.2,0.0,83.12,70.51275000000001,211.56,30.164235302531136,76.9265452534327,10.084783636499115,6.0,25.537869565792413,0,1,121.00000000000001,0
19.6,43.0,4.9,0.0,85.38,91.67823000000001,256.92,75.28765716025461,96.90682607010379,150.0,6.0,94.53509664607168,0,1,279.3,0
10.6,90.0,2.7,0.0,59.18,9.090900000000001,159.71999999999997,11.079701867917445,15.916891686649585,2.2399220558525488,6.0,6.326487533254426,0,1,27.0,0
20.7,25.0,4.9,0.0,94.71,127.0395,268.79999999999995,100.0,116.46751648621502,150.0,6.0,103.409903297243,1,1,367.5,0
19.1,39.0,5.4,0.0,87.23,95.74194000000003,251.52,91.07664951021722,98.11462324652446,150.0,6.0,97.93745455134835,0,1,329.40000000000003,1
19.2,38.0,4.5,0.0,87.76,97.79322000000002,252.6,77.95148121932368,99.39005141391794,150.0,6.0,95.56870652664833,0,1,279.0,0
19.2,38.0,4.5,0.0,87.76,97.79322000000002,252.6,77.95148121932368,99.39005141391794,150.0,6.0,95.56870652664833,0,1,279.0,0
11.3,94.0,4.9,0.0,57.39,5.780880000000001,167.28000000000003,18.373329067017682,10.642299780804144,3.133172200468631,5.0,7.084994649751819,0,0,29.400000000000002,0
19.0,52.0,2.2,0.0,80.7,74.96496,250.43999999999997,26.70132423742046,85.75590250464397,150.0,9.0,82.5774453484129,0,1,105.60000000000001,0
17.1,53.0,5.4,0.0,79.63,66.46458000000001,229.92000000000002,62.09947000049517,77.16355607239618,20.778355693167935,9.0,36.24514749184544,0,1,253.8,1
23.8,35.0,3.6,0.0,90.64,125.75745000000002,302.28000000000003,72.10087976166102,123.28708423394782,150.0,9.0,99.19019279912176,0,1,234.0,1
16.0,45.0,1.8,0.0,83.3,73.07685000000001,218.04,24.904698130716667,79.52278062884238,8.398664248499784,9.0,24.331961451311724,0,1,99.0,0
24.9,27.0,2.2,0.0,94.97,147.4746,314.15999999999997,54.804837252177606,135.698442838016,150.0,9.0,98.22345601803872,1,1,160.60000000000002,0
25.3,27.0,2.7,0.0,95.09,149.74344000000002,318.48,67.66842489658382,137.6663296846013,150.0,9.0,101.19055091623702,1,1,197.10000000000002,0
24.8,28.0,1.8,0.0,94.44,144.89496000000003,313.08,43.65863409641485,134.34778160114726,150.0,9.0,95.72288313951242,1,1,129.6,1
12.2,78.0,6.3,0.0,65.66,22.73502,176.99999999999997,35.83552909588354,34.417861782825526,9.516432004282768,9.0,17.90365097745492,0,1,138.6,0
24.3,27.0,4.9,0.0,94.79,144.07134000000002,307.68,100.0,132.7462726127956,150.0,9.0,106.67085452255911,1,1,357.70000000000005,0
19.7,41.0,1.8,0.0,86.41,95.35344,258.0,29.130023148162415,99.12162742603329,150.0,9.0,85.74873011483913,0,1,106.2,1
18.5,30.0,2.7,0.0,91.55,106.60440000000001,245.03999999999996,56.61302450858796,102.12991240271623,150.0,9.0,91.85558738226084,0,1,189.0,0
18.6,24.0,5.8,0.0,94.58,116.33244000000003,246.12,100.0,106.64556531164325,150.0,9.0,101.44231306232864,1,1,440.8,0
19.2,24.0,4.9,0.0,94.76,119.87556000000001,252.6,100.0,109.6547576790165,150.0,9.0,102.04535153580329,1,1,372.40000000000003,1
21.6,27.0,2.2,0.0,93.98,128.75667,278.52000000000004,52.137911969232285,119.45568112558726,150.0,9.0,94.43491861896389,1,1,160.60000000000002,0
21.6,28.0,6.3,0.0,93.48,126.99288000000001,278.52000000000004,100.0,118.69097832601193,150.0,9.0,103.85339566520238,1,1,453.59999999999997,1
18.9,34.0,7.2,0.0,89.67,102.56400000000001,249.35999999999999,100.0,101.13429581909969,150.0,9.0,100.33065916381994,0,1,475.2,1
16.8,28.0,4.0,0.0,92.04,100.13976000000002,226.68,85.96779607147471,95.17094292482659,150.0,9.0,96.33334779926027,1,1,288.0,1
16.8,28.0,4.0,0.0,92.04,100.13976000000002,226.68,85.96779607147471,95.17094292482659,150.0,9.0,96.33334779926027,1,1,288.0,1
12.9,39.0,2.7,0.0,85.37,66.3558,184.55999999999997,41.464136534627926,69.89091273713278,13.516226914221498,9.0,27.764300620040743,0,1,164.70000000000002,1
13.7,56.0,1.8,0.0,77.11,50.59824,193.2,18.23134500306166,61.15550119277431,5.732313415851369,9.0,18.241694605507742,0,1,79.2,1
24.2,27.0,3.1,0.0,94.76,143.50413,306.59999999999997,76.41211922641484,132.25420294251728,150.0,9.0,101.85466443378643,1,1,226.3,0
24.1,27.0,3.1,0.0,94.73,142.93692000000001,305.52000000000004,76.29669429169829,131.76212111666288,150.0,9.0,101.73296308167222,1,1,226.3,0
21.2,32.0,2.2,0.0,91.36,117.82428000000002,274.20000000000005,45.689593612480216,113.60631413250155,150.0,9.0,91.96958154899635,0,1,149.60000000000002,0
19.7,35.0,1.8,0.0,89.41,105.05040000000001,258.0,33.88387934105264,104.11692917904159,150.0,9.0,87.70456170401886,0,1,117.0,0
23.5,27.0,4.0,0.0,94.55,139.53366000000003,299.04,97.55844768556614,128.8093670205213,150.0,9.0,105.39356294121748,1,1,292.0,1
24.2,27.0,3.1,0.0,94.76,143.50413,306.59999999999997,76.41211922641484,132.25420294251728,150.0,9.0,101.85466443378643,1,1,226.3,1
21.5,28.0,4.5,0.0,93.45,126.43344000000002,277.44,100.0,118.20146264922633,150.0,9.0,103.75529252984528,1,1,324.0,1
17.1,41.0,2.2,0.0,85.63,83.43426000000002,229.92000000000002,34.23114359347342,87.49348667463768,150.0,9.0,84.43812605362223,0,1,129.8,1
18.1,54.0,3.1,0.0,79.43,68.62464000000001,240.72000000000003,35.29222244089814,80.13606876363829,150.0,9.0,83.1678582409073,0,1,142.6,1
18.0,51.0,5.4,0.0,80.9,72.71943000000002,239.64,66.20346177764453,82.69994680817555,150.0,9.0,89.86568171716402,0,1,264.6,0
9.8,86.0,1.8,0.0,60.94,11.85702,151.08,8.071473582070974,19.824378347391697,1.7750123151779902,9.0,6.32277531196373,0,1,25.2,0
19.3,44.0,2.2,0.0,84.79,88.76448,253.67999999999998,32.81245802403276,94.69376830218458,150.0,9.0,85.59584526524347,0,1,123.20000000000002,0
23.0,34.0,2.2,0.0,90.9,123.58962000000002,293.64,44.64271611461152,120.44472232670218,150.0,9.0,93.12948768826274,0,1,145.20000000000002,1
22.7,35.0,2.2,0.0,90.31,120.20190000000001,290.4,43.335019002277846,118.14634081620565,150.0,9.0,92.40667196369671,0,1,143.0,1
20.4,41.0,1.8,0.0,86.62,98.56245000000001,265.56,29.439910848767777,102.24985663169774,150.0,9.0,86.43775349609311,0,1,106.2,1
19.3,44.0,2.2,0.0,84.79,88.76448,253.67999999999998,32.81245802403276,94.69376830218458,150.0,9.0,85.59584526524347,0,1,123.20000000000002,1
15.7,51.0,2.2,0.0,80.21,63.96264000000001,214.8,26.050111829870175,73.33292717760564,8.600590534285168,9.0,23.397244015209232,0,1,107.80000000000001,0
20.6,37.0,1.8,0.0,88.68,106.22367000000001,267.72,32.66011686026857,106.65403388626892,150.0,9.0,87.9670301493075,0,1,113.4,0
15.9,51.0,4.5,0.0,80.27,64.7241,216.95999999999998,53.445663244248685,74.14801699709983,17.69686440832026,9.0,32.678281811597806,0,1,220.5,1
12.2,66.0,4.9,0.0,71.66,35.13594,176.99999999999997,37.71151199637607,46.96465059483061,11.004707904966317,9.0,21.39551568022786,0,1,166.60000000000002,1
16.8,43.0,3.1,0.0,84.54,79.27731000000001,226.68,45.656934997696396,84.5926120287208,150.0,9.0,86.14050940528344,0,1,176.70000000000002,1
21.3,35.0,2.2,0.0,89.89,113.13120000000002,275.28000000000003,42.427522239659886,111.60113378005074,150.0,9.0,90.9133312039421,0,1,143.0,1
10.1,75.0,3.6,0.0,66.53,21.756,154.31999999999996,21.395130431002762,32.17269798680228,5.560794130299058,9.0,12.983083335680632,0,1,90.0,0
17.4,57.0,4.5,0.0,77.72,61.81035000000001,233.15999999999997,47.00109961477674,74.34726329708084,15.573943557209379,9.0,30.57705000525527,0,1,193.5,0
12.8,64.0,3.6,0.0,72.84,38.881080000000004,183.48000000000002,29.403809658803226,50.832446775979804,8.77875330184316,9.0,19.62035260769387,0,1,129.6,1
10.1,75.0,3.6,0.0,66.53,21.756,154.31999999999996,21.395130431002762,32.17269798680228,5.560794130299058,9.0,12.983083335680632,0,1,90.0,1
15.4,53.0,6.3,0.0,79.12,60.256350000000005,211.56,70.61123262046645,70.3909100558426,23.06115044635991,9.0,37.502688713805775,0,1,296.09999999999997,1
20.6,43.0,3.6,0.0,85.68,96.10713000000001,267.72,56.15590532508124,101.30080649471941,150.0,9.0,91.58954236396013,0,1,205.20000000000002,1
19.8,47.0,2.7,0.0,83.44,86.06829,259.08000000000004,37.62151799222971,94.03701309501791,150.0,9.0,86.42430621744951,0,1,143.10000000000002,1
18.7,50.0,2.2,0.0,81.61,76.923,247.19999999999996,27.954216896507102,86.53028575719085,150.0,9.0,82.98430053073959,0,1,110.00000000000001,1
20.8,35.0,4.9,0.0,89.74,110.60595000000002,269.88,93.78609516417472,109.26281154503347,150.0,9.0,100.71638134184164,0,1,318.5,1
20.8,35.0,4.9,0.0,89.74,110.60595000000002,269.88,93.78609516417472,109.26281154503347,150.0,9.0,100.71638134184164,0,1,318.5,1
15.9,55.0,3.6,0.0,78.27,59.44050000000001,216.95999999999998,38.65754410103448,70.55562951787866,12.633144295915745,9.0,26.97269244214893,0,1,162.0,0
19.7,39.0,2.7,0.0,87.41,98.58576000000001,258.0,45.95324533003018,100.84007305566406,150.0,9.0,89.45906367713886,0,1,164.70000000000002,0
21.1,39.0,2.2,0.0,87.83,105.22134000000003,273.12,38.244274434584085,107.196819764345,150.0,9.0,89.19141883978583,0,1,134.20000000000002,1
18.4,42.0,2.2,0.0,85.52,87.87870000000001,243.95999999999998,34.041928671792775,92.47735999672172,150.0,9.0,85.3986577337029,0,1,127.60000000000001,1
17.3,45.0,4.0,0.0,83.69,78.63240000000002,232.08,56.44215237222555,85.14418969291022,150.0,9.0,88.40686841302715,0,1,220.0,1
15.2,64.0,3.1,0.0,73.56,45.59436000000001,209.39999999999998,26.255442797471556,59.046801998168455,8.175906709363906,9.0,20.397211642873565,0,1,111.60000000000001,1
15.9,53.0,2.2,0.0,79.27,62.082300000000004,216.95999999999998,24.84497356565871,72.38369871508951,8.174521438783394,9.0,22.794343031663004,0,1,103.4,1
21.1,35.0,2.7,0.0,89.83,112.12110000000003,273.12,51.91294981195595,110.66585534753706,150.0,9.0,92.6229610318986,0,1,175.5,1
19.6,45.0,3.1,0.0,84.38,88.46145000000003,256.92,45.29031044780738,95.07951353334255,150.0,9.0,88.16816479622999,0,1,170.5,1
15.9,38.0,5.4,0.0,86.77,81.89580000000001,216.95999999999998,88.98982650710171,84.26902206131258,150.0,9.0,94.74556971368287,0,1,334.8,1
16.4,27.0,3.6,0.0,92.42,99.26175,222.35999999999999,78.86680731011843,93.82000710392369,150.0,9.0,94.64316288280841,1,1,262.8,0
16.8,47.0,4.9,0.0,82.54,73.71399000000002,226.68,65.24886202597399,81.31825388972997,150.0,9.0,89.4000231831408,0,1,259.70000000000005,1
13.8,77.0,7.6,0.0,66.64,26.62779,194.28,45.41855163988597,39.66457730557316,12.603517888307984,9.0,22.108632944415017,0,1,174.79999999999998,0
13.8,77.0,7.6,0.0,66.64,26.62779,194.28,45.41855163988597,39.66457730557316,12.603517888307984,9.0,22.108632944415017,0,1,174.79999999999998,1
14.2,58.0,4.0,0.0,76.26,49.93002,198.6,38.815457708457764,61.31927200500394,12.213335660510408,7.0,24.982680206896507,0,1,168.0,0
10.4,75.0,0.9,0.0,66.62,22.33875,157.56,5.373094959558847,32.98571638599227,1.4077362880917803,8.0,8.280656784346936,0,1,22.5,0
20.3,42.0,2.7,0.0,86.09,96.44124000000001,264.48,42.996111171403086,100.90039221109636,150.0,8.0,88.87790067649989,0,1,156.60000000000002,0
10.3,78.0,4.0,0.0,65.09,19.487160000000003,156.48000000000002,22.108502473417012,29.72103595280952,5.599948762117364,9.0,12.648487190092252,0,1,88.0,1
15.4,57.0,4.9,0.0,77.12,55.128150000000005,211.56,49.654787252637014,66.76335537495818,15.988971822084615,9.0,29.753017254352887,0,1,210.70000000000002,1
21.1,54.0,2.2,0.0,80.33,79.34724000000001,273.12,26.208108852868495,91.92726899317874,150.0,8.0,83.71527556920945,0,1,101.2,0
21.9,42.0,2.2,0.0,86.57,103.65180000000001,281.76,35.89157043446767,107.98848071349107,150.0,8.0,88.87781022959176,0,1,127.60000000000001,1
8.7,51.0,5.8,0.0,78.11,37.311539999999994,139.2,61.78147846134781,44.6815766922704,17.767017162036613,3.0,28.465817895538283,0,0,284.2,0
5.2,100.0,0.9,0.0,52.56,0.0,101.39999999999999,2.6456603266534966,0.0,0.0,1.0,0.5395320653306993,0,0,0.0,0
19.3,39.0,7.2,0.0,87.29,96.68988000000002,253.67999999999998,100.0,99.02318803395083,150.0,7.0,99.90423760679018,0,1,439.2,1
16.2,63.0,2.7,0.0,74.36,49.73577,220.2,23.80831700750614,63.573616327350415,7.565507162523126,8.0,20.57198953198056,0,1,99.9,1
28.2,29.0,1.8,0.0,94.96,161.63931000000002,349.8,44.81773204206155,149.99745658873655,150.0,8.0,99.09043772615962,1,1,127.8,1
20.5,58.0,2.7,0.0,78.15,70.48944,266.64,28.818371230642995,84.88073380385417,150.0,8.0,82.82282100689943,0,1,113.4,1
21.3,44.0,4.5,0.0,85.39,97.46688000000002,275.28000000000003,69.17657525875474,103.40423765990181,150.0,8.0,94.6147625837313,0,1,252.0,1
20.9,50.0,2.2,0.0,82.27,85.47,270.96,28.89953373015177,95.57270627755618,150.0,8.0,84.98624800154158,0,1,110.00000000000001,1
20.6,55.0,5.4,0.0,79.68,75.87405000000001,267.72,62.256126880796515,88.81837326900674,150.0,9.0,90.30110002996065,0,1,243.00000000000003,1
11.6,48.0,5.4,0.0,80.48,51.31308,170.51999999999998,64.81706738759809,58.56639903722503,20.138387065845563,3.0,32.807248111302854,0,0,280.8,0
23.3,34.0,3.1,0.0,90.99,125.12808000000001,296.88,63.191576700210874,121.85664088127211,150.0,8.0,97.12224351629659,0,1,204.6,1
23.3,34.0,3.1,0.0,90.99,125.12808000000001,296.88,63.191576700210874,121.85664088127211,150.0,8.0,97.12224351629659,0,1,204.6,0
7.5,71.0,6.3,0.0,67.75,19.37838,126.24000000000001,39.815446265236,28.00824210727579,9.888412120272665,2.0,17.564102522611424,0,0,182.7,1
20.7,46.0,2.7,0.0,84.21,91.46844000000002,268.79999999999995,39.10993292492296,98.84676442975056,150.0,9.0,87.6867394709347,0,1,145.8,1
21.9,43.0,4.0,0.0,86.07,101.86470000000001,281.76,63.633780026614126,107.01051736133118,150.0,9.0,94.22965947758907,0,1,228.0,1
15.2,19.0,7.6,0.0,96.06,102.58731,209.39999999999998,100.0,92.22251155087157,150.0,3.0,98.55590231017432,1,0,615.6,0
5.3,68.0,1.8,0.0,68.59,15.912960000000002,102.48,11.867689812424931,22.92604757186795,2.751035388390771,2.0,8.101761632214885,0,0,57.6,0
10.1,62.0,1.8,0.0,73.03,33.06912,154.31999999999996,14.843338305194736,43.06646628160615,4.222279918493488,2.0,13.329072884757574,0,0,68.4,1
20.4,55.0,4.9,0.0,79.62,75.17475,265.56,56.3211317046603,88.04204264801018,150.0,9.0,88.95843487053409,0,1,220.50000000000003,1
24.3,33.0,3.6,0.0,91.79,132.22986000000003,307.68,76.40244865990965,127.48663057596583,150.0,8.0,100.89341584717509,0,1,241.20000000000002,1
25.9,32.0,3.1,0.0,92.77,142.65720000000002,324.96,69.12145759819357,136.02600548632947,150.0,8.0,101.14929261690462,0,1,210.8,0
28.0,34.0,4.5,0.0,92.4,149.23062000000002,347.64,98.48420672403022,143.9637115072106,150.0,6.0,108.61158364624816,0,1,297.0,0
28.0,34.0,4.5,0.0,92.4,149.23062000000002,347.64,98.48420672403022,143.9637115072106,150.0,6.0,108.61158364624816,0,1,297.0,1
22.8,46.0,4.0,0.0,84.84,100.27962000000002,291.47999999999996,59.809514989674184,107.82227811943392,150.0,9.0,93.62595862182162,0,1,216.0,1
25.0,36.0,4.0,0.0,90.5,129.79008000000002,315.23999999999995,79.5489186885963,127.91632535746949,150.0,8.0,101.60704880921315,0,1,256.0,0
21.3,41.0,3.6,0.0,86.89,102.68832000000002,275.28000000000003,59.686373584565324,106.27062006588146,150.0,8.0,93.29299873008935,0,1,212.4,0
21.8,34.0,2.2,0.0,90.54,117.43578000000001,280.68,43.84018055294321,114.79579971013621,150.0,9.0,91.83679605261588,0,1,145.20000000000002,1
27.9,27.0,2.2,0.0,95.87,164.4909,346.56,57.34751206805463,150.4536992336242,150.0,8.0,101.68904226033577,1,1,160.60000000000002,0
17.0,67.0,4.9,0.0,72.6,46.410210000000006,228.84,39.540758704487736,61.592151070369354,12.456692603354862,9.0,25.276258996313363,0,1,161.70000000000002,1
14.2,46.0,4.0,0.0,82.26,64.19574,198.6,52.51813622455376,71.00887335082943,17.19196759823247,2.0,31.664588954369627,0,0,216.0,0
19.9,44.0,3.1,0.0,84.97,91.3752,260.15999999999997,46.65701131820922,97.30764296433726,150.0,9.0,88.8887308565093,0,1,173.6,1
23.4,31.0,5.4,0.0,92.52,131.35185,297.96,100.0,124.97239530215126,150.0,7.0,105.11027906043026,0,1,372.6,0
14.7,42.0,2.7,0.0,84.41,71.20428,204.0,39.50607563919454,76.04846468406207,13.168423466178533,2.0,28.465677451122733,0,0,156.60000000000002,0
8.2,53.0,9.4,0.0,76.96,33.96267,133.8,94.49121715248427,41.555202204959905,26.59284709197283,2.0,37.909822708277964,0,0,441.8,1
22.8,27.0,4.5,0.0,94.34,135.56319000000002,291.47999999999996,100.0,125.36388547295597,150.0,7.0,105.19137709459119,1,1,328.5,1
26.4,33.0,3.6,0.0,92.42,143.16225,330.35999999999996,78.86680731011843,137.43259001472362,150.0,8.0,103.3796794649684,0,1,241.20000000000002,0
24.1,50.0,4.0,0.0,83.23,97.90200000000003,305.52000000000004,55.148903415998916,108.71293608062513,150.0,8.0,92.87056789932481,0,1,200.0,0
27.5,27.0,4.9,0.0,95.75,162.22206000000003,342.24,100.0,148.48681287528652,150.0,8.0,109.8253625750573,1,1,357.70000000000005,1
26.3,39.0,3.1,0.0,89.39,129.86778,329.28000000000003,58.29678885761607,130.7833388359992,150.0,7.0,97.92962553872306,0,1,189.1,1
13.8,24.0,5.8,0.0,93.14,87.98748000000002,194.28,100.0,82.5310848194063,150.0,3.0,96.60981696388126,1,0,440.8,0
24.9,42.0,5.4,0.0,87.47,117.17160000000001,314.15999999999997,92.18478122378058,121.26925276967101,150.0,8.0,102.79860679869033,0,1,313.20000000000005,1
24.8,36.0,4.0,0.0,90.44,128.79552,313.08,79.30877369794493,126.98871532662473,150.0,8.0,101.37309780491393,0,1,256.0,1
26.2,36.0,4.5,0.0,90.86,135.75744,328.2,91.13077816124589,133.48113320097244,150.0,8.0,105.03878227244365,0,1,288.0,1
30.8,19.0,4.5,0.0,100.74,200.76903000000001,377.88,100.0,172.46273574172713,150.0,8.0,114.63514714834544,1,1,364.5,0
29.3,27.0,3.6,0.0,96.28999999999999,172.43184000000002,361.68,95.84858878108622,157.33679724370506,150.0,7.0,110.76867720495824,1,1,262.8,1
22.3,48.0,4.0,0.0,83.69,94.54536000000002,286.08,56.44215237222555,103.5424072578928,150.0,9.0,92.09351192602368,0,1,208.0,1
26.9,31.0,3.6,0.0,93.57,150.1164,335.76,83.57203429973093,141.77060363511072,150.0,8.0,105.19132758696834,0,1,248.4,1
20.4,56.0,2.2,0.0,79.12,73.50420000000001,265.56,24.657890756353364,86.8857062666258,150.0,8.0,82.39351940459584,0,1,96.80000000000001,0
20.4,56.0,2.2,0.0,79.12,73.50420000000001,265.56,24.657890756353364,86.8857062666258,150.0,8.0,82.39351940459584,0,1,96.80000000000001,0
27.9,33.0,2.2,0.0,92.87,150.9711,346.56,49.301744266571916,144.53428624783837,150.0,8.0,98.89000610288205,0,1,147.4,1
26.2,34.0,5.8,0.0,91.86,139.99986,328.2,100.0,135.49973703033578,150.0,8.0,107.21834740606717,0,1,382.8,0
24.6,44.0,4.0,0.0,86.38,111.82584000000003,310.92,64.63560124423415,117.76386870145784,150.0,8.0,96.5850939891384,0,1,224.0,1
19.4,45.0,3.6,0.0,84.32,87.60675,254.75999999999996,52.436423047262686,94.21601192754926,150.0,9.0,89.42428699496239,0,1,198.0,0
23.3,40.0,4.0,0.0,87.99,113.75280000000002,296.88,70.09792982324531,116.19860489477857,150.0,8.0,97.36590694360478,0,1,240.0,1
23.9,38.0,6.7,0.0,89.17,120.435,303.36,100.0,120.88774124810625,150.0,8.0,104.28734824962125,0,1,415.40000000000003,0
20.9,66.0,4.9,0.0,74.27,58.119600000000005,270.96,43.01217890050546,75.6648017599609,14.318111115933823,8.0,29.5384405784668,0,1,166.60000000000002,1
22.2,45.0,3.6,0.0,85.16,99.57255,285.0,54.70357403716276,106.29891701957158,150.0,8.0,92.29989821134687,0,1,198.0,0
23.8,51.0,1.8,0.0,82.64,94.80177000000002,302.28000000000003,24.090054178338903,106.27663037374465,150.0,7.0,86.16993691041672,0,1,88.2,0
26.8,35.0,1.3,0.0,91.53999999999999,140.90895000000003,334.68,27.24439100345203,137.3003193226025,150.0,8.0,93.02754206521091,0,1,84.5,1
14.2,73.0,2.7,0.0,68.76,32.09787,198.6,17.954683026151145,45.72173570668357,5.198466286956316,8.0,14.870070261349468,0,1,72.9,0
23.6,53.0,4.0,0.0,81.58,90.20193000000002,300.12,50.74907351225364,103.00651365081852,150.0,8.0,90.84531743261444,0,1,188.0,1
19.1,46.0,2.2,0.0,83.73,84.75516000000002,251.52,31.10581754708153,92.003638016293,150.0,9.0,84.71409111267491,0,1,118.80000000000001,1
16.2,58.0,3.6,0.0,76.86,56.45682000000001,220.2,36.006232417529105,68.80894799197327,11.688319826478114,9.0,25.71276401249172,0,1,151.20000000000002,0
25.5,29.0,1.8,0.0,94.15,146.74422,320.64000000000004,43.02528497805082,136.87858021634307,150.0,8.0,96.10277303887878,1,1,127.8,1
10.9,64.0,3.1,0.0,72.27,33.5664,162.95999999999998,24.603044912519735,44.3135420600402,7.058035717088887,4.0,16.66433168134754,0,0,111.60000000000001,1
14.8,78.0,8.0,0.0,66.44,27.179460000000002,205.08,47.3296023577695,40.83057622691224,13.24965870960801,7.0,22.98349920077955,0,1,176.0,0
16.2,58.0,3.6,0.0,76.86,56.45682000000001,220.2,36.006232417529105,68.80894799197327,11.688319826478114,9.0,25.71276401249172,0,1,151.20000000000002,1
17.3,80.0,4.5,0.0,66.19,28.593600000000006,232.08,26.289622971337387,43.72058098409151,7.511837108062675,8.0,17.06137563431085,0,1,90.0,0
19.1,70.0,2.2,0.0,71.73,47.08620000000001,251.52,16.991527901236918,64.14937353167997,5.41259174402884,8.0,18.461416984194916,0,1,66.0,0
8.9,35.0,8.0,0.0,86.17,50.505,141.35999999999999,100.0,53.35410984305332,30.269788761018063,3.0,42.86153747301789,0,0,520.0,0
10.5,77.0,4.0,0.0,65.65,20.73036,158.64000000000001,22.741254680381587,31.25124216316971,5.855444885964482,9.0,13.184677323096052,0,1,92.0,0
19.3,61.0,4.9,0.0,76.29,61.818120000000015,253.67999999999998,47.620869776626,76.83017724686758,15.91583067095296,8.0,31.334141673079902,0,1,191.10000000000002,0
23.4,49.0,5.4,0.0,83.52,97.08615,297.96,75.54696790470955,107.00607875193191,150.0,8.0,96.6084093313283,0,1,275.40000000000003,1
11.8,88.0,4.9,0.0,60.54,12.027960000000002,172.68,21.53390362355479,20.488153846495308,4.793403183247643,8.0,10.357372767309078,0,1,58.800000000000004,1
17.7,65.0,4.0,0.0,73.81,51.1266,236.4,34.30746818589535,66.3688764451388,11.02948483768547,8.0,24.61746286128102,0,1,140.0,0
17.4,54.0,3.1,0.0,79.22,66.12270000000001,233.15999999999997,34.920732672547835,77.38241175304353,11.693049106783025,8.0,27.218648527831483,0,1,142.6,0
16.8,56.0,3.1,0.0,78.04,61.196520000000014,226.68,32.90486477067174,73.0738300175507,10.853581585605378,8.0,25.61477159188664,0,1,136.4,0
17.9,48.0,2.7,0.0,82.37,76.7676,238.55999999999997,35.646781908141314,85.08507044648493,150.0,7.0,84.23417047092526,0,1,140.4,0
16.6,59.0,2.7,0.0,76.48,56.386890000000015,224.52000000000004,26.492502640311837,69.27725522085267,8.6155762359733,8.0,22.674382066622226,0,1,110.7,0
19.9,50.0,4.0,0.0,81.97,81.58500000000001,260.15999999999997,51.756263665680535,91.46353459294983,150.0,8.0,88.73375965172607,0,1,200.0,1
18.9,64.0,4.9,0.0,74.67,55.944,249.35999999999999,43.887928534617075,71.68278546658351,14.402895857694311,8.0,28.949101143317844,0,1,176.4,1
15.5,72.0,8.0,0.0,69.65,36.11496000000001,212.64000000000001,55.63919185399667,50.70177710354272,16.599317140487095,8.0,27.966920647702715,0,1,224.0,1
18.9,64.0,4.9,0.0,74.67,55.944,249.35999999999999,43.887928534617075,71.68278546658351,14.402895857694311,8.0,28.949101143317844,0,1,176.4,0
18.9,64.0,4.9,0.0,74.67,55.944,249.35999999999999,43.887928534617075,71.68278546658351,14.402895857694311,8.0,28.949101143317844,0,1,176.4,0
14.5,76.0,7.6,0.0,67.35,29.09088,201.84,47.072903960182884,42.770570358576734,13.362686230881877,9.0,23.366769356104676,0,1,182.39999999999998,1
4.6,82.0,6.3,0.0,61.38,7.97202,94.91999999999999,28.88350393680285,13.177225281953984,5.40558773391175,2.0,10.601580937316069,0,0,113.39999999999999,1
5.1,77.0,5.4,0.0,64.03,11.080020000000001,100.32,28.294104299025193,17.36517734140601,5.918275216253853,2.0,11.53236641458778,0,0,124.2,1
4.6,59.0,0.9,0.0,72.88,18.158489999999997,94.91999999999999,7.365783936574353,24.567377006869645,1.7493995584198847,2.0,7.136592012056754,0,0,36.9,1
10.2,45.0,5.8,0.0,81.56,48.290549999999996,155.39999999999998,73.51203382089197,54.35442141807223,22.368879172496317,3.0,34.596242716791366,0,0,319.0,1
11.2,41.0,5.4,0.0,83.86,56.38689,166.2,76.8524349773993,61.01883747945644,24.149179771780688,3.0,37.315326400083414,0,0,318.6,1
13.3,27.0,3.6,0.0,91.49,81.67824,188.88,75.25615890408429,78.49572020870781,25.293180437921457,3.0,40.96724799772701,1,0,262.8,1
13.7,33.0,9.4,0.0,88.61,77.04732,193.2,100.0,77.16343459380063,33.45978178250989,4.0,48.910999631764085,0,0,629.8000000000001,1
17.6,27.0,5.8,0.0,92.78,106.06827000000001,235.32000000000002,100.0,99.74200949357875,150.0,4.0,100.05660189871575,1,0,423.4,0
18.0,40.0,4.0,0.0,86.4,89.0442,239.64,64.7007738381221,92.32457530031049,150.0,5.0,91.50106982768652,0,0,240.0,1
14.3,79.0,4.0,0.0,65.79,25.128180000000004,199.68,22.902252355045484,38.229193159484915,6.2841103592725664,6.0,14.789533246615107,0,1,84.0,1
24.5,50.0,3.1,0.0,83.35,99.456,309.84,42.999625751847546,110.35465279210858,150.0,6.0,90.76985570879124,0,1,155.0,1
26.4,35.0,2.7,0.0,91.42,138.88875000000002,330.35999999999996,56.24338160067,135.4324022346369,150.0,6.0,98.45295676706138,0,1,175.5,1
22.7,40.0,9.4,0.0,87.81,110.9556,290.4,100.0,113.49812008592977,150.0,6.0,102.80502401718596,0,1,564.0,1
27.2,28.0,1.3,0.0,95.16,158.32152000000002,338.99999999999994,32.69621968269986,146.08246995916804,150.0,7.0,95.88213792837358,1,1,93.60000000000001,1
26.1,45.0,4.0,0.0,86.33,116.23920000000003,327.12,64.47295682424465,123.11168434476399,150.0,7.0,97.62412823380174,0,1,220.0,1
18.2,82.0,4.5,0.0,65.46,26.992980000000003,241.79999999999995,25.340137409118935,42.20670968017287,7.164882671253893,7.0,16.42972248635992,0,1,81.0,1
22.6,57.0,4.9,0.0,79.28,79.18407000000002,289.32,55.36442313766851,94.03018860197392,150.0,7.0,89.9671223479285,0,1,210.70000000000002,1
30.2,25.0,4.5,0.0,97.56,182.40075000000002,371.4,100.0,163.75021649841665,150.0,7.0,112.88544329968335,1,1,337.5,1
30.2,22.0,4.9,0.0,99.06,189.69678000000002,371.4,100.0,166.6269353445228,150.0,7.0,113.46378706890457,1,1,382.20000000000005,0
23.4,40.0,5.8,0.0,88.02,114.21900000000001,297.96,100.0,116.64864173612088,150.0,8.0,103.43652834722418,0,1,348.0,1
31.0,27.0,5.4,0.0,96.8,182.07441000000003,380.03999999999996,100.0,165.6929645236556,150.0,8.0,113.27359290473112,1,1,394.20000000000005,0
33.1,25.0,4.0,0.0,98.43,199.3005,402.71999999999997,100.0,178.1683379773944,150.0,8.0,115.77486759547888,1,1,300.0,1
30.6,28.0,3.6,0.0,96.18,177.34248000000002,375.71999999999997,95.31877933519705,162.6981622670265,150.0,8.0,111.73658832044472,1,1,259.2,1
24.1,43.0,6.3,0.0,86.73,111.60828000000001,305.52000000000004,100.0,116.66782868026613,150.0,8.0,103.43876573605323,0,1,359.09999999999997,1
26.4,34.0,3.6,0.0,91.92,141.02550000000002,330.35999999999996,76.90458104404016,136.44031892274987,150.0,8.0,102.78777999335801,0,1,237.6,1
19.4,71.0,7.6,0.0,71.32,46.19265,254.75999999999996,57.4977518059215,63.569468007906984,18.270587361181192,8.0,31.589478907238174,0,1,220.39999999999998,1
20.6,58.0,1.3,0.0,78.18,70.81578000000002,267.72,13.896503548023668,85.25412991150054,150.0,8.0,79.91332669190484,0,1,54.6,0
28.7,33.0,4.0,0.0,93.11,155.13582000000002,355.2,90.73018133837923,148.32110813983317,150.0,8.0,107.93465789564247,0,1,268.0,0
32.4,21.0,4.5,0.0,100.22,205.63305000000003,395.15999999999997,100.0,178.7376250553517,150.0,8.0,115.89132501107034,1,1,355.5,0
32.4,27.0,2.2,0.0,97.22,190.01535,395.15999999999997,61.384414110634005,172.57316559423433,150.0,8.0,106.92931594097365,1,1,160.60000000000002,0
27.5,29.0,4.5,0.0,94.75,157.77762,342.24,100.0,146.5968873472667,150.0,8.0,109.44537746945335,1,1,319.5,1
30.8,30.0,4.9,0.0,95.24,173.50410000000002,377.88,100.0,161.55854545947378,150.0,8.0,112.44330909189475,0,1,343.0,1
23.9,42.0,2.2,0.0,87.17,112.665,303.36,36.9932869013209,116.84350531667359,150.0,8.0,90.87315844359891,0,1,127.60000000000001,0
32.6,26.0,3.1,0.0,97.78,193.76826000000003,397.32,88.97176855910983,174.62727443674217,150.0,8.0,112.85900859917041,1,1,229.4,1
32.3,27.0,2.2,0.0,97.19,189.44814,394.0799999999999,61.29168939545709,172.08175956360984,150.0,8.0,106.81228979181338,1,1,160.60000000000002,1
33.3,26.0,2.7,0.0,97.99,197.79312000000002,404.8799999999999,78.31590205293703,178.08709936571222,150.0,8.0,111.42120028372985,1,1,199.8,1
27.3,63.0,4.9,6.4,64.89,72.04716000000002,314.8832,26.811344651410703,91.6621350293772,150.0,8.0,83.78629593615759,0,1,181.3,1
21.6,65.0,4.9,0.8,73.38000000000001,60.53265000000001,275.3704,41.12582237457544,78.12894854408732,13.805315637707313,8.0,29.451280438815477,0,1,171.5,0
21.6,65.0,4.9,0.8,73.38000000000001,60.53265000000001,275.3704,41.12582237457544,78.12894854408732,13.805315637707313,8.0,29.451280438815477,0,1,171.5,0
20.7,69.0,4.9,0.4,71.91,51.90966000000001,267.2252,38.18958772583582,69.88203149540705,12.448387872921673,8.0,26.666078993417244,0,1,151.9,0
29.2,30.0,4.9,0.0,94.76,164.8017,360.59999999999997,100.0,153.83677682436488,150.0,8.0,110.89575536487297,0,1,343.0,1
28.9,29.0,4.9,0.0,95.17,165.501,357.35999999999996,100.0,153.39763830905403,150.0,8.0,110.80832766181081,1,1,347.90000000000003,1
26.7,35.0,1.8,0.0,91.51,140.40390000000002,333.59999999999997,37.666020145618205,136.83335341289202,150.0,8.0,95.01827471170203,0,1,117.0,1
18.5,73.0,8.5,0.0,70.05,41.118840000000006,245.03999999999996,60.320285948587866,57.93374721604796,18.684922448467095,8.0,31.188775612314004,0,1,229.5,0
25.9,41.0,3.6,0.0,88.27,123.77610000000001,324.96,63.98456908113956,126.80406606236912,150.0,8.0,98.26852702870174,0,1,212.4,0
25.9,41.0,3.6,0.0,88.27,123.77610000000001,324.96,63.98456908113956,126.80406606236912,150.0,8.0,98.26852702870174,0,1,212.4,0
21.1,71.0,7.6,1.4,69.03,47.923260000000006,267.6082,51.23140628589321,66.20602910010568,16.45945145698258,8.0,30.142467659992814,0,1,220.39999999999998,1
18.2,62.0,5.4,0.0,75.46,56.98518,241.79999999999995,50.330494922545796,71.71655534019389,16.51924355823484,8.0,31.091507475841876,0,1,205.20000000000002,1
27.8,35.0,2.7,0.0,91.84,145.95945000000003,345.48,57.446390497418236,141.96951108941693,150.0,8.0,100.00378031736702,0,1,175.5,0
27.8,32.0,2.7,0.0,93.34,152.69604,345.48,61.95678796414173,145.08237537412148,150.0,8.0,101.53143266765264,0,1,183.60000000000002,1
21.9,71.0,5.8,0.0,72.07,51.825900000000004,281.76,45.56992768027428,71.00208148787456,14.917071963240405,8.0,29.354030618925933,0,1,168.2,1
21.2,70.0,6.7,0.0,72.36,51.981300000000005,274.20000000000005,53.416021396345734,70.53395534122555,17.45473450746574,8.0,31.844289150500558,0,1,201.0,1
25.6,42.0,4.0,0.0,87.68,120.32622000000002,321.72,69.01144509878509,124.3666677431242,150.0,8.0,98.78482256838186,0,1,232.0,0
11.8,31.0,4.5,0.0,89.04,69.16077,172.68,83.14497721457958,69.11630649700031,27.022631137062785,11.0,41.3539091971411,0,0,310.5,0
19.88005773594879,40.20086603923182,3.33338144662399,0.0,86.86358430116873,97.3771558057371,259.9446235482469,55.07048149239698,100.43323080103715,150.0,8.0,91.2003017081195,0,1,198.2132948427008,0
14.143976162694528,60.66113227200991,4.504214535749246,0.0,74.91262671280342,46.666319144063294,197.9949425571009,39.74028435877547,58.28632427315251,12.267984424634452,7.280119186527359,24.580142316292758,0,1,168.952405234193,0
22.93196924614122,41.762152770114454,5.112276784729002,0.0,86.99851438878514,108.75843017107647,292.90526785832515,84.92361576135677,112.71636682722927,150.0,9.0,99.63209830343938,0,1,296.3578124793091,0
24.795549177166496,28.64850224409137,1.9801997007878174,0.0,94.11441363110427,143.62869342891227,313.0319311133982,47.51661588393569,133.77204029530762,150.0,7.9009985039390855,96.37867383195888,0,1,141.58727411814618,0
10.317244449507827,74.17244449507827,2.2305094106676933,0.0,67.00895108731322,22.894950733597433,156.66624005468455,13.538815786340951,33.511174500972,3.560585414639442,8.0,10.880694267722305,0,1,57.21724444950783,0
19.08844035113697,37.82660526705456,2.7,0.0,87.81322947181381,97.52524796256448,251.3951557922793,46.903377177107615,99.01550798314382,150.0,9.0,89.2841273074855,0,1,167.8681657789527,0
20.304437098955262,62.746847128617844,4.9,0.3493694257235686,75.01916871393053,61.25674010539392,263.15245323964314,44.7844060504988,77.39736597468747,14.994143889520473,8.0,30.511873987914736,0,1,182.5404490697726,0
20.5624998030479,40.38541650253992,3.8458333989840336,0.0,86.97604168964442,100.31976436746866,267.31499787291733,64.0507287357855,103.51692594196936,150.0,8.0,93.61427051865452,0,1,229.36250452989833,0
10.496806749555958,76.95210124333936,3.9712607460036145,0.0,65.67299140319712,20.767081102806316,158.60551289520436,22.592892307380325,31.289882485064286,5.81858410077568,8.984033747779787,13.148030111054966,0,1,91.44437442273654,0
34.385362953732894,73.22927409253421,12.845530871889256,0.2770725907465788,79.41447507295831,8.931217772239735,18.053497288257983,2.2536592615667765,8.861949624553091,1.8536592615667766,7.0,3.0601269336656163,0,1,333.22927409253424,0
28.482050932052022,63.86666894166185,17.794872669869942,0.7471789446806363,74.21897521647254,4.852306274810695,14.564616644612716,1.831282173781792,5.566665529169076,0.8,8.758974533973989,1.8926869735126157,0,1,631.0974329224422,0
19.57690403599344,73.0,8.214937166942912,0.3167364811745418,69.73959824844894,42.902972255348836,255.42357206234496,57.47424602017612,60.430067662238876,17.9822171531978,8.0,30.839903405834107,0,1,221.80330350745862,0
30.60999665778262,57.90003342217379,12.170010026652138,0.0,80.98599131023482,5.687997326226097,15.948996992004359,2.3829989973347865,5.965997994669572,1.4269976604478347,7.829989973347862,2.343918422473397,0,1,505.21999331556526,0
11.116265244034876,48.500415264791506,5.466722035305534,0.0,80.08467194081472,48.97755188447037,165.29566463557666,64.31071570882219,56.2503400204472,19.74283049973451,3.0,32.08307546097096,0,0,281.36713730009706,0
29.17336465350777,65.57289485089119,18.13317673246114,1.3640657723663214,61.737665327182384,3.9735995548160625,8.686682326753886,1.1346729307015544,4.217571366659068,0.46934586140310885,7.173364653507772,1.3509610384894923,0,1,614.2411275262798,0
21.669272729087886,32.78212121514648,2.2,0.0,91.10972121115313,118.87561515861206,279.2681454741492,45.12256939682262,115.17611180775737,150.0,9.0,92.17029266515902,0,1,147.87933332667777,0
10.672894435115225,32.915777404608995,4.328024958018512,0.0,87.74397962823008,61.291446390100475,160.50725989924442,74.08823970028348,62.57434889944316,23.43894640758283,3.0,36.79652629444408,0,0,286.0502381145637,0
18.089277179364696,28.467831538094085,5.922319294841174,0.0,92.19286738476237,106.48265352151935,240.6041935371387,100.0,101.07865871030332,150.0,5.223192948411738,100.3234424648813,0,0,423.0819698334129,0
31.13534292388074,21.574844125508754,4.729937650203502,0.0,99.55318081440984,196.47217880797862,381.50170357791194,100.0,171.7758662192224,150.0,7.425155874491245,114.49586908556672,1,1,370.8483381510838,0
32.752350022790864,80.58411667426363,14.376175011395434,0.0,80.01170169933357,9.658411667426362,39.09226913210052,2.646499173124079,11.887147496581369,2.8801458428295277,6.792058337131811,4.143708254444219,0,1,278.1379251253498,0
30.654160262255992,24.838501639099956,5.183850163909996,0.0,97.77699725912682,185.36955805223477,376.3049308323647,100.0,166.09671980334218,150.0,7.567700327819992,113.35581377955386,1,1,389.01240393383995,0
19.23757595094667,38.12525316982224,4.512525316982224,0.0,87.70864620037288,97.76499670324398,253.00582027022404,77.95763570408772,99.45122094133409,150.0,6.062626584911117,95.58212122781644,0,1,279.1628291207689,0
22.831543045081002,38.526854323784995,3.521142387297499,0.0,88.58603575163181,114.31433296968036,291.8206648868748,63.517298240572515,115.49924274306852,150.0,8.684569549189996,95.91044442849459,0,1,216.25643722141396,0
28.449754133369765,53.69852480021859,17.449754133369765,0.7153196266193047,68.83640143979234,5.766057226510007,7.489950826673953,1.410049173326047,5.545958879857913,0.6650737599890704,6.0,1.7604320980989412,0,1,806.4645061311838,0
27.17018450439619,30.048497639981857,4.302424881999093,0.0,94.12680653132793,153.26501697652662,338.67799264747885,99.08317279475963,143.66713729265703,150.0,7.185450708005443,108.67435388885214,0,1,299.7660516520127,0
16.01001170130931,46.806752476268265,3.6660070207855853,0.0,82.39962727225866,70.63052074934178,218.1481263741405,48.387064530372676,78.01091079432067,16.236510732084,9.926658865793794,31.85941262869862,0,0,194.33399297921443,0
27.845454399171285,26.181815987569262,2.2,0.0,96.26272832596676,166.01241135319646,345.97090751104986,58.52458396252376,150.93520538519482,150.0,8.272728004143579,102.0214669623545,1,1,162.40000482734763,0
30.34691846238833,72.65308153761167,14.326540768805835,0.4938866919252519,59.97142146183592,4.093886691925252,8.065308153761167,0.8,3.993886691925252,0.3,6.9796223064175065,1.1668180937722155,0,1,391.3469184623883,0
15.08660042303514,68.2817758976216,3.3852219872026996,0.0,71.38509217809974,39.9605159991001,208.17528456877952,25.629147310890794,53.95183474174602,7.774937350710397,9.0,19.08806277575997,0,1,106.88315433345404,0
21.135416017981925,16.041668520051648,1.1083337040103296,0.0,99.31979054536875,145.08127068698616,273.5024929942048,34.20311982076625,124.7339285693081,150.0,9.0,91.91363884153078,1,1,92.85419576481087,0
28.116483926951954,50.96117202434935,17.077655951301303,1.2728204170445445,71.64849904416417,7.812601129386888,8.72015117212213,1.5349451780855858,7.517436663643645,0.8776559513013018,6.116483926951952,2.2668105446959212,0,1,837.5428731511262,0
17.84914816116664,40.0,2.7,0.0,86.35474444834999,88.34092872735889,238.0108001405997,43.57898543228604,91.64271499961497,150.0,7.91173694074706,87.14003838270254,0,0,162.0,0
33.50535977972524,61.23124077096166,16.24196033041214,0.9231240770961667,74.41715129512076,24.968146226788168,84.24317995097053,1.7263399449313097,23.948851019777308,3.409647603505429,7.252679889862619,6.604676713132385,0,1,625.715161431786,0
11.353969213238909,96.6984606619454,3.226954389593853,0.0,56.05696043299898,3.185160529297511,167.8628675029802,11.6736885922952,5.9321801675244075,1.6435696736903305,3.9206157352218405,4.204611099204586,0,0,14.5044971460614,0
30.52050699398309,77.58675116566384,16.58675116566385,0.0,73.77729283465688,3.938801865062157,16.72303001235455,2.0801267484957724,4.956152098194927,1.2041013987966178,6.586751165663848,1.9723505916790893,0,1,371.5205069939831,0
29.0,88.96525530726414,13.0,0.6756787150848965,37.31258977648159,1.7312702234622757,7.912702234622758,0.041693631283034494,2.2521170391037932,0.017372346367931002,6.104234078207586,0.5347458173172738,0,1,143.4516810055662,0
20.02492397338068,44.357794513879895,2.7,0.0,84.82857993507426,91.4093292602581,261.50917891251135,40.47273129153729,97.48941029628186,150.0,8.392965752313316,87.68812037099671,0,1,150.2339548125243,0
18.793199427415782,42.34400490786474,4.362000408988728,0.0,85.46595737429236,89.18417404921333,248.20655381609043,67.23380593987177,93.90778519799325,150.0,8.275999182022543,92.32356062151997,0,1,250.89600327190982,0
25.370434184028568,35.777641034224494,5.948136752852041,0.0,90.72230973809633,132.36167422773386,319.2406891875085,100.0,129.914656941157,150.0,7.703726494295918,106.09789461556524,0,1,381.37788717262043,0
30.165266939063002,66.82633469531501,15.330533878126005,0.21652669390630025,72.85545893765429,3.9512597548432975,27.17843428672051,1.5,5.851259754843298,0.6834733060936997,9.0,1.8371454725889507,0,1,507.19046203592893,0
13.665599905169373,42.93745437303522,5.8,0.0,83.6309527850332,65.4565988397157,192.82847897582923,81.60090026608964,70.81563904493461,26.69151646883278,3.0,41.244308195175265,0,0,330.96276463639566,0
28.42340148070637,87.0,15.0,2.706394077174522,43.76742932845013,5.52617659437535,8.0,0.14234014807063697,5.310856890516623,0.04234014807063696,7.729795557880891,1.1774222699071197,0,1,195.0,0
31.768189570919088,20.21023696364886,4.5,0.0,100.4253383894513,203.7123383979637,388.3364473659261,100.0,176.259787236804,150.0,8.0,115.39528358953899,1,1,359.05393366358015,0
23.153255912640983,35.46744087359019,3.246744087359019,0.0,90.2122563369972,121.6504652457223,295.2951638565226,63.490665704326844,119.81832074175793,150.0,8.293488174718037,96.77263636016865,0,1,209.00232262077057,0
17.723935698615644,39.08447893629051,3.6,0.0,86.77494124143944,89.08524575705825,236.65850554504897,59.34755306977828,91.78685263090718,150.0,9.0,90.32324453259804,0,1,219.29587582935417,0
17.718147846542088,26.789581636799248,5.078958163679925,0.0,92.920653535563,106.86784166282007,236.59599674265453,100.0,100.32750314060344,150.0,4.193054424532831,100.17414734217698,0,0,370.5422887825587,0
31.44329023625675,53.13402585824595,13.71134195274865,2.29175746769622,73.61750691031457,12.32782701735621,28.151431118589095,1.64638965670162,13.44431208196377,1.7814373606545901,8.0,3.8404678466091817,0,1,641.9793936692405,0
23.712491513487375,26.852633107968085,1.6111579864780852,0.0,94.68743090006218,140.48198055160375,301.3349083456637,38.60183042427937,129.5731233730859,150.0,7.419648918937589,93.75556310939204,0,1,115.61368925629468,0
11.805959974781011,78.0,6.812252032784685,0.0,65.5417879924343,22.06144798089066,172.7443677276349,38.49373783886198,33.444338800251714,10.117689846068636,9.0,18.480303186199755,0,1,149.86954472126308,0
24.093642459837376,28.894513177700233,1.7336707906620141,0.0,93.7808361491011,138.96947830875035,305.4513385662437,40.287796706141236,129.96428200615844,150.0,7.147398242973302,94.16970851420189,0,1,122.35189348641077,0
23.83956918979922,25.046768923494167,3.1,0.0,95.62848629519269,145.22352855664386,302.7073472498316,79.87394241312937,132.04799371607876,150.0,8.0,102.50701959529773,1,1,232.35501633716808,0
23.717008064891242,32.51024194673732,5.876536292010597,0.0,91.85998144609871,130.13199883012217,301.3836871008254,100.0,125.13996655075158,150.0,8.0,105.14291708433335,0,1,396.1858468135806,0
10.150270044528595,73.95104160032457,7.060138880043278,0.0,67.06956021319628,20.898613172687515,154.86291648090884,42.16531415585219,31.043857341495183,10.830625940390414,7.950270044528595,19.02043417411437,0,0,171.51888895965376,0
12.578681617931688,39.449450674138205,5.620219730344719,0.0,85.0488791483104,64.30901250380275,181.08976147366224,84.90953822030943,68.12989797444678,27.454171226110688,2.5505493258617964,41.67526364195725,0,0,340.4063699106815,0
